,0,1,2,3,4,5,6,7,8,9,10,11,12,13,14,15
0,1.5509831989819356,0.4187497367311364,0.18200919710848068,0.41671196433286084,0.9143084063335934,1.4700525973796528,0.1937694438452745,0.8630666484291357,0.4046377891006648,1.4721247647093145,0.8682508053705921,0.4180373352365319,0.23124436347961536,0.4054441673558362,0.6276620351845557,-0.4687472028595367
1,1.1174881385337452,0.12535445170011345,0.005431291998040671,0.3535958042335615,0.7209120064999167,1.0099550219935343,0.08272758578933277,0.5606259353895391,0.20930240209842702,1.1137565054254261,0.8345298737507307,0.1700863177950927,0.05072261397212038,0.1712282384809083,0.22603718505330245,-0.007832274861561638
2,-0.19136550808017733,-1.4742126853617927,0.140019754431423,0.08723452376249673,-1.1754650567369107,-0.21191016226590204,-0.5311889159259846,0.7408682422648037,0.8103681446566949,-0.20592059778216068,-0.8294442119345252,-1.8026073475828097,-0.531210034767816,-1.8672962995255593,1.9691373914308714,-0.29455456212302306
3,-0.6292758640415363,-1.4745462335827861,1.8630016705989447,-1.1514104344246054,-1.1841120803088363,-0.2551739039420462,1.7833637987009525,1.9024995445011172,1.5840886906311087,-0.4692406749369184,0.06449751429523272,-1.5507217926691486,-1.0660605188556072,-1.4219377293533633,-1.3995783842512155,-1.6333795763975787
4,0.35256210480370814,-0.0448483371889229,0.05966289435754388,-0.4237530304706681,-0.08218546978152666,0.4062868596744789,0.12469878113332163,0.8313399159970581,-2.4001679083980076,0.47431242846635985,0.10758231505365777,0.22267814585584417,0.2602214418706314,-0.7005802211764113,-0.05348601316083226,0.5755532355177072
5,-0.04246529433371092,-0.7948719251407443,1.4545378939182851,-0.6139602546959102,-1.5632675214178526,0.4669203069236804,4.914114362127013,0.15446331801258523,-0.6618675935201251,-0.660355862924036,2.3965538218663025,-3.0592788253049568,-0.5136456440642384,-0.7932334707177289,2.1028499201260256,0.6016124824815604
6,-2.8179722402324794,-0.13388004477826373,0.06141119590399665,-0.23522274499054435,-0.704047308690272,-2.8335437253807667,0.02151972307766041,-0.5953086563187587,-0.16233305159984537,-2.8376760459508583,-0.7200104371492727,-0.15336693643306454,0.013029580298475587,-0.14497419170937695,-0.3020236940547144,-0.013623691061269098
7,-0.5900239624767252,-0.7351191396961253,0.15624041069529682,-0.9931392425766145,0.07700241806327211,-0.47160002623787034,-0.43629480986993807,0.7473060924737495,-2.5319151438726624,-0.5111607614155361,0.0015334052893960003,-1.6912082079000907,-0.451379978416226,-0.8156147394978346,0.38382844324056115,-0.39926902458823177
8,-0.26032872252283396,0.034996211474950516,-0.695261182188393,0.08192371527581505,0.5381727023120211,-0.43813911333872624,0.3906473473318892,0.05150461055287077,0.12455936386331184,-0.15574010076862438,-0.36082390557553096,0.3500574153997892,0.1080944893388672,0.030362390916842102,-0.7604576839210936,-0.22746200947545026
9,-2.0260245489058955,-2.022529534886213,-1.1858983119569528,-2.021941517354454,-1.3771236819644905,-2.028922190278378,-1.228413846256385,-1.6298112708128345,-2.027817584774661,-2.025355013292675,-2.0269770206882813,-2.01169992125615,0.8306567227216717,-1.1743009723381732,-2.0424093427183565,-0.5489154899891787
10,-0.5519438620224857,-0.6988237987818751,-0.43592779849041896,-0.7007904140047629,0.967138425567644,-0.6995620215752963,0.7885694623979426,-1.1761738080031159,-0.6932280085179354,-0.7007835647888988,0.9620474003974211,-0.6943345855916726,0.8223279089051667,0.46376079781277463,-0.7650686822748728,1.0713952665022304
11,-0.15538462996908092,2.5189176217835647,-0.1147466949396541,-0.5321652940949811,1.072253668896303,0.09571599419044637,2.2191790125865523,0.8486026559284651,-1.1630407860491367,-0.36847632104987355,0.9049490971543114,1.7150371076744482,1.241568604503765,1.040529909409342,-0.4840828396802504,0.4519848932332201
12,1.6296976038148112,0.43058671456639164,0.5107386256489049,0.533553798826157,0.9845793249202835,0.6810628130564482,0.5391701539999185,0.8098742360783031,0.5708972212476231,0.6817649465976106,2.602866886997002,0.30212030484287883,0.48955684825154366,0.41985676183389625,0.31138013744993953,0.12942499461105078
13,-0.8137257977722723,0.01247470265818345,-0.06170625690721677,0.38735585682111146,-0.006746824492125926,-0.14978122006589398,-0.001965691511936176,-0.7227957264413801,1.688284625188586,-0.16595360461558623,-0.058246119713579625,-0.6989966247274492,-0.20172456151071,0.3653483553053791,0.11075596078624231,-0.32417809175970186
14,0.3344276177296937,-2.7802271963511385,-1.8947386520219411,-0.16860146887016908,-2.1013821568856974,-0.9669770455761348,-2.2128988371447775,-0.9527249458552871,-0.536109727550164,0.4423780898784652,-0.7313146810999362,-1.3901871138441766,-2.6942313523044956,-4.081884615398639,-0.0773174661245777,-0.8737911886319863
15,1.3873801939416586,0.3400817966962291,0.4293503384928837,0.11911001930937565,0.374861646246844,1.4624383385293072,0.013057275333789316,0.33891475365206725,0.07057886522765763,1.3819977270352486,0.8731142168268511,0.18804358680060407,0.05607403180972934,0.33533744993075376,0.1869941355561504,0.014156142181650214
16,-1.1494991987660348,0.11666396209364548,0.21735410246901182,-0.26799366892804033,-0.15651073685959158,-1.0610774997609491,-0.2717525458581164,-0.11516252878794987,0.10039318100781279,-1.1228559811103533,-0.10482056409286382,0.01371606737799806,-0.2454552357322307,0.10593950053171501,-0.020575207953085692,0.16796537077048657
17,0.4221648953212615,0.13242731780709152,1.9780907629640696,0.7997655933901875,2.078627520368782,-0.14029574750497945,-0.46968494496781976,1.454212519077427,0.10997703996289321,1.0675148058272397,0.22320330835045396,1.9084780926624234,1.6451158622420354,1.8219608965942389,0.18227494626006308,1.3128087718317407
18,0.4085568444882631,0.38896995579163257,-0.4722933479165264,0.8492329003404836,-0.01236508964752934,-0.4760025433397268,-1.039572741510423,-0.1140076675600704,0.34762289743279157,0.34598949931400114,0.5102495480739765,0.7677243103891134,-1.3482087685273347,1.2419898953515547,-4.796513422958601,0.2686942772418044
19,0.5118878755950955,-0.14580882656536892,-0.18275819355326398,-0.1400964750648086,-0.01933089876329399,-0.15028226769990052,-0.17918939121848904,-0.09565411125381648,-0.1458137809037455,-0.0344348919600252,0.8195432684916397,-0.049034574061636714,-0.17163524061335197,-0.14252137152601235,-0.10831722928632517,-0.24498948941598664
20,0.6252260564377379,-0.2273690139228138,-0.3603479697876444,-0.13227515951827573,0.037340367110643896,0.6754907070560362,-0.20809337214547036,0.00668019742733989,0.2919942672733292,0.691896943798509,-0.17243790145853935,-0.1785511979589681,-0.18952449058906892,-0.21309802272177508,-0.08844482785213698,0.11389460897118832
21,0.5817625281295306,0.1576294288011569,1.3042742491823773,0.1484279874579847,1.538819061314404,1.1842896314353288,-0.24872303611015734,1.103206931190717,0.28810268990816335,0.2488959160015791,0.7315741752588175,0.696994324795667,1.125515041913905,0.7572804341733346,0.5651873153105155,0.5805528956863669
22,-1.9864679248769395,-2.952658907228618,-2.1582085641625315,-2.0734495325136604,-2.3269539578264626,-2.2573338539989565,-1.9912831498042571,-2.1474375610869916,-2.096306225660838,-1.869173331130994,-2.402418015442238,-2.346485311893856,-2.075997489414517,-3.3778841190708175,-1.337814529891328,-2.02538047549297
23,0.1608889068207024,2.090879411248358,0.713338874022067,0.37998815822740584,1.3716880808110463,0.5109632151633182,-1.2774135775624829,0.770977602918563,0.36777031460725723,-0.11813708126671162,0.950225691947045,0.4419470195540865,0.8955212642316789,0.635489418973248,1.23669665623295,1.304911995498242
24,1.1756921185356817,1.3025973084975737,0.8682864423748587,1.4047123673321855,0.46032947746253156,1.098994758685441,0.3323146603072344,1.5623591689894396,1.459222844917381,-0.3180164179430062,0.7260273377124659,1.1257090132493288,0.35799867857911327,0.1768763428632193,1.1237656646660235,-0.11556614181358767
25,-1.1770183394803562,-0.1672174225280069,-0.6896707303585167,-0.08798954548963907,-1.1556533692854205,-0.5942939243635849,1.0998908830308298,0.31698908998534836,-0.478523873212871,0.10015938795371339,-0.5656345334767787,-1.0475010490621093,-0.779801032964037,-0.5329957375969325,-0.19259535967008856,-0.6778177598707664
26,0.07846332304968116,-1.8853702884355583,-0.47357391513709857,0.1037208391004579,-0.9596796837887986,-0.3254380802277792,0.9215816627119466,-0.36205717138993515,-0.2278343236079293,-1.3008971057597283,-0.47245549938798337,-2.4853948787936613,-2.01055734666945,-0.6537477059974981,-1.8686638642689448,-0.557862012765222
27,0.44226717945869787,0.3037991600672309,0.5078422954818668,0.25146107433711407,0.8263275293717428,0.45690178401527426,0.2872157384642027,0.628001515806186,0.25529994342520956,0.42013273705790766,0.758148793914299,0.0713649715218147,0.2585865474860358,0.2969928608526709,0.04664672513976506,0.14787614714162114
28,0.4762212832358164,0.5267415465580321,0.7099964752500371,0.6573675365822528,0.8697689017929557,0.4604827492070419,0.7264281710956351,0.7672956182221922,0.7111544060331747,0.4621210568434153,0.7732272962679251,0.44199447591607194,0.6784519462230598,0.45431702715828126,0.44059042821923156,0.5645221187087376
29,-1.2415001127298773,-0.15331404754578876,-4.0163657702582425,-2.883859300195907,-0.4377936316854352,-0.7786466530207825,0.047240386020521725,-0.8772383220532914,-1.903279358473252,-1.6198654819813179,-0.6246543245255719,-3.3704743460725903,-0.40910162661774824,-3.317693812224624,-2.0982291812302716,-3.2576717634387977
30,1.2742564831800922,0.3726902889126704,-0.08843915997091542,0.19923879196183175,0.5621140691152552,-0.3935234516748248,1.8399660835943468,-0.06395859529306924,-0.019213204577622506,0.2589884789131231,2.56703019937494,0.7328294109461491,0.3223523076855487,-0.021849072504902,-0.08263041114397605,-0.5034132926679155
31,0.0031748631859159,0.012872103152965159,0.019138522472016358,-0.028390466773424473,-0.019376698951695793,0.0029932638059209666,0.0028255413832107834,-2.3937204662300755,0.008647247302755994,0.0015474653020142374,0.02588419034667351,0.0018711343202062307,-0.03181368130978698,-2.393720558257102,0.0029585609263407557,-0.031186126977382978
32,0.3411142888423656,-2.155557348236471,-0.15048017075014325,-0.3048524025490232,-1.1275035757094116,0.119071726517431,0.20484593869058157,-0.6512776747031829,-1.9708363288323405,-0.21097648301920213,-0.15640290377568486,-0.8893022779835671,-0.32350454887409164,-1.3184286257833024,-0.4229076976379668,0.04334203471800469
33,1.8405775012109222,2.199880896682075,1.813827425169889,2.606789562496835,2.49265130880803,1.8595234488328183,1.9993520348375375,2.8830279605927296,2.7782035323970673,1.8112356569450998,3.1754130012542245,1.5403191080631222,2.085378102183183,1.4095227312503067,2.3922292715940645,2.288654844614044
34,1.4527277765968427,1.9579702425441532,0.9174558048785391,1.7106980126369635,1.4980154695688244,1.0375689070666132,1.0936956016586041,1.9448114749722933,1.5067711692455688,1.6398760849637581,1.3458279087035074,1.612455361926299,2.0886713684998535,1.664309053240286,2.187894168390524,1.1656859067321144
35,-0.021044488263262273,-0.24186656731845355,0.5941788218401698,-3.7378749667158955,0.26714708257699277,0.21176827723534797,-3.6076542935581806,0.39600822945271913,-0.020635199094187023,-3.6611166866354323,0.1916212896741959,0.20645969053866647,0.21857950476055532,0.29991094801079754,0.022751087896790624,-0.3731805025957955
36,-1.4873810921542405,-1.5046066613698228,-0.6484238031270637,-1.5843457106095196,-0.08815476481746616,-0.6455400522199246,-1.6195860173324879,-0.22836798922441465,-1.6193909671645768,-1.415402303269095,-0.6464334962284032,-1.4338820832454504,-1.5874918070070492,-1.529760154065101,-0.6486572069822736,-1.557956507454169
37,1.1065656287956271,-0.6511103390834477,0.35252687260483057,-0.444072739428526,0.8379089672671638,0.10014183677803541,-0.23321311830275906,-1.4214466391205662,-0.3988991229008101,-0.5872871279932111,1.0628598261041338,0.11361153096829098,0.5446998605189368,0.5718197705795688,-0.2220361320402859,0.39144302433127864
38,0.2149375565073896,-1.1126010216836602,-0.08891978953100264,0.5755504426864505,-0.3219345802311226,0.2369076201791992,0.9288950797548231,-0.16448607579189364,0.48959774270593936,0.5559335663414884,0.23762369514595075,-0.7693148682664891,-0.013691531526967726,-0.9085513173323599,0.5424578787246445,-0.22947114134885116
39,0.28927751018514936,-0.1400084521630641,0.38539547139959046,0.3567718946093916,0.5345560238991229,0.03404575749576414,0.3408798855755657,0.434016222663095,0.43489866079552825,0.27657502303809417,0.41277779071741366,0.09227607159209289,0.34237641777347155,-0.6862387096035439,0.4079274709309325,0.3456267346536925
40,0.7532074427238556,-0.7774062426365544,-0.25782932190296637,0.6105744236487133,1.3508189112365954,0.17458281608015372,-0.21286601985961168,0.23402393500579075,0.19986227376328894,-0.7832592410481766,-0.9725690284832718,3.2129817629274635,0.2910558755396356,0.21289627707488956,0.26136121944667323,1.671176380232264
41,-3.4958084113025287,0.662595748847925,0.9284695754994859,0.6542009712326764,-0.21566141462231944,-3.465110870221704,0.7416608402998623,0.12396730693396331,0.8197101855577718,-3.718775673442466,0.38514183054320644,0.48819450307410656,0.8210026856163981,0.5254241535439089,0.5412859097662986,1.3306147407554088
42,2.073141859360581,0.07753274131508683,0.5069704932098877,0.689882838100536,1.073406040804178,0.8308503929514848,-0.17664881461679188,-1.4324321078573965,0.8887424527380197,-0.05373127503409626,1.569956043954607,0.49815433753650384,1.6093319941188924,1.019580839628257,0.02762571463788596,0.609939051167171
43,-0.11432491298626446,0.36022043044335395,1.3294032030468377,0.012956029200455037,0.29607830963350723,-0.3546177012802803,-0.8272458094759811,0.914155419435452,-0.09367023402998514,0.26442276182914637,1.2161579426687577,-0.13314418909936063,0.6989428591199028,0.07180631201542369,1.8907491248195905,0.8167319873516795
44,-0.7579386312931495,-0.15862182389187038,-1.0235520380944,-0.1446119198319757,-1.3055000380030959,-1.0728738119436971,-0.6441810772172343,-1.0581667201481566,-0.6588099882769359,-0.10569634289025696,-0.7644768295712043,-0.5589247840918109,-1.1451416373850616,-0.8453201462654134,-0.8040838858439452,-0.7130352866015364
45,0.2060095298671221,-0.4932729294009305,1.0679135791534582,-0.20616950929426,-0.3750737186962542,-0.06384543696872763,0.7204471499192896,0.35847185705143153,0.5361568301724722,-1.3330895486542784,-0.007824446120213515,-1.5198733901452188,-0.09121661049349998,-0.12969467778174887,-0.37835952622777114,-0.2807965143713712
46,-0.6640460284408121,1.8281810687870046,2.412695206362547,1.3985794465083927,0.6531526794633445,1.2771708187185362,1.9598249621516843,1.267768353683231,1.7481068646242603,0.5735562382861501,-0.44631537509221364,1.153222217751154,2.1244812165928604,1.2653282342356529,1.9872199400466126,2.6531586946814882
47,-0.4180863263934134,-0.050032359821675726,0.8283434832447084,0.14659512904291133,0.7654178109535231,0.25731095128958376,-0.46278493530508824,1.552190860002486,0.23637510069545442,0.16908354272657108,0.38354057466517855,0.424866670197992,0.23456468978859232,0.18453153102413705,0.3481928048854548,0.2602522022856794
48,-0.3757810738085938,-2.6709804395970758,-1.3140396019213023,-0.3629865171436157,-1.461085678052092,-0.13057237036955135,-1.1267936794954894,-1.2054648288856935,-0.5281347102176237,-0.24992870099015735,-0.7028771096703689,-0.5642719714874823,-0.9424344617354697,-0.07334867806708815,-0.8240649714540108,-0.019397108067874223
49,0.07087041737610184,0.20720817145045764,0.36737211571313577,0.28948383748046624,0.5433109262364667,0.05353895156068042,0.38029773373342785,0.40015768172429167,0.3253368031358006,0.050082923247476215,0.43915850345866986,0.08241126520009844,0.33814397959227116,0.19916733893415312,0.018169094385117896,0.22534886146337121
50,0.21253941338647464,-1.8669295254073908,1.0058114789755923,0.43865384243152383,1.0341092848639357,1.3548230186508632,-0.719991310349454,1.0528528317594152,-0.001978852187635519,0.6049734440234381,0.657163755855218,-1.5033026873406388,0.2880115413648652,-1.0741934747148822,1.139423083301061,1.1554355170886983
51,1.1379562568380432,-0.03275357958466475,2.1354435435657324,1.75756481806954,-0.24178374837747627,0.32631244678650273,-0.8321268818416888,0.6571536954417636,2.785435628067729,1.1682731806237878,-0.11818238942001795,3.497809760228095,-0.0994603489100047,2.285748713930166,0.4821378953949873,1.1396587693579547
52,-0.7092535741087745,-1.307882162886553,-0.02568014324650367,-1.1715522526103435,0.03334729760230448,-0.05300360350269919,-0.6691141861959534,-0.07835915282680732,-0.8677065612617425,-1.1626066420341536,-0.5473250304613098,-1.6467669178216569,-1.188589284002951,-1.3492733218693174,-0.24523087492411297,-1.2525786589418266
53,0.7248640008813462,-1.185392410789614,-1.1301651835210682,0.40545556930398663,0.2357128547900624,0.41543014476730694,1.1963912536517718,-0.39541804175140277,0.011171472916077336,1.2424944209284494,-0.5146205921458957,-0.9768804228367284,1.1689134713519092,0.35592461057342273,0.4467575231957242,-0.8157357127602032
54,-0.7713649045571712,1.2053960532383032,1.3045705599225854,-0.6632866245517094,0.27312834331295255,1.382268828299846,0.8433659726327731,-0.1105264546508006,-0.7857683507436012,-0.5159622872404545,-0.6459239855813665,-0.06040051512240022,1.3588421851776602,3.650473263039336,0.7668299868598523,0.38716902803859354
55,0.9638328701171595,-1.051458302204759,-0.5846037617700994,1.0518868064678175,0.3516642284340729,-0.13299513944462793,-0.5994592163455355,0.11695375012825061,0.582632610892155,0.9089496898242446,1.0303868117998718,0.6292408154038068,-0.5542740964271572,1.554491134691009,-3.880373418597383,0.36833822594061866
56,1.2067274769772296,0.3569656979485742,-0.7585497043176564,0.6061283709185828,-1.0714606179672455,0.9922696204157448,-0.44138290018969406,-1.7266117215793306,-0.1231896139166465,0.503512124041671,-0.0352799551250826,-0.5340515841585358,0.04592675867603065,0.688608824595174,-0.027920841269805288,1.0160247999165388
57,-0.5900259011354184,-1.1848769109004949,-3.2282124063980313,-0.6067959306545573,-0.2194381942007241,-1.8425584861845796,-1.0746171842578025,-0.9150811537058252,1.2661360669707167,-0.9647797903933786,0.12073710165467053,-1.5997562747938971,-1.361933881065456,-0.2647082990474827,-1.6503362786498146,-1.7050050709810924
58,1.4599845690421838,2.7211176561712755,0.24067531578914936,0.5439461128790617,1.7343737231685277,0.6489635217858307,1.6207780866943557,-1.5958088138965663,2.3072716255469405,-0.08525312013317056,1.522363235389149,-0.0019286905423777805,1.4707807496658578,0.7022037992664781,0.6866652770912821,0.4656299601932238
59,-1.2034241320514893,1.7216680530909805,-1.9754216582884494,-0.6773615651566313,0.8580766794442594,-3.14542831136569,-2.3245375340679284,0.5155129918203951,-1.169012735408741,-0.43162082537519814,-1.2284407294685658,0.18731351624669185,-2.2520472447826783,0.11861329264901148,-2.749581100685317,-2.507187815573055
60,-1.256526845613002,-2.162240165425659,-2.904092776248884,-1.3562425598414412,-1.4529444059085246,-1.8106979817350388,1.278908615607272,-3.318998255783034,-2.6835591149120477,-1.6406009728571656,-2.2540649700246655,-1.8407335499053201,-0.8819134863633048,-2.030818392838177,-1.6903397896580588,-1.1548654953778115
61,-1.2041800640483151,-1.315577494610514,1.230587691956298,-0.9680191056335284,0.013021492952093358,-0.7616938014274589,1.4374302066717715,0.990192138891176,1.7163002957120415,-0.69952335212925,-0.2274526397479446,-0.4288820066775096,-0.7707791794639844,-1.0445790315355912,-0.35030364123917607,-0.9652569034435609
62,-5.680588289073633,-1.2161824371403733,-0.6253983281902661,-1.234169183475037,-3.4513535970077633,-5.668525377578431,-0.5559944210468912,-3.1305363839246136,-1.1692126132692215,-5.450735299583351,-4.133753984277421,-0.8218706038488096,-0.6854648996552768,-1.02075984544962,-1.4198985802556063,-0.4744012338767991
63,0.16848499479486226,0.08839313807044952,0.735350196679891,1.4202848065775466,1.4259459771211416,0.19295746418657403,1.052958805435814,0.4724655762444455,-0.9573002356768567,0.8727881796768308,0.5509989029356376,0.9643668554669907,-1.387715606610215,0.14824942430115637,0.004501117490819462,1.6005984229654497
64,0.441969512891988,0.20828358531461183,0.4395034493200544,0.6074015709835592,-0.9765634836862592,-0.746030168244693,2.120871538341259,-0.7088923530475664,0.39778341155796504,0.4018963716660231,-0.6262782804008764,0.25656151241019953,0.32725932004631464,0.1752624434831592,-0.7367616718316596,0.5588623339356367
65,0.6673265148492725,0.8277189727805878,1.8526701358935327,-0.4195448844763413,-0.07617879752214693,0.5646538515996223,0.5014397029301312,2.0148071884664267,1.4453184179383058,0.27859712274780807,2.452032563915453,0.33817503762343637,-0.654024155862433,0.15530793449759217,0.5053615090667153,-0.46619323432279214
66,1.1375217975994902,1.5334309815841556,1.0487727668233937,0.05209210186454222,0.055025029659024706,-0.3822377443903546,1.077571766185524,0.5647687996542393,0.09863840191167778,-0.1540457028468978,2.185974185536623,0.6769599673072954,0.8142168254893933,0.4306018796607525,0.11795467171327827,0.5324104840354548
67,-0.438119052338223,-1.8705979565856439,1.239410193378479,-1.9495701374445549,-1.1488764100929554,0.4845751891093866,-0.3600545910452009,1.3699848592642887,-1.5923663808160269,-0.11901953130971792,0.15158857192754824,0.4343871115360632,0.11150642795447861,-0.22466547662019598,0.13897605222925355,-1.2198596972586038
68,-0.39924982788439106,-0.903025083356567,-0.6555997256851229,-0.9019768946339066,-1.377711106349726,-0.4748470773810949,-0.6418571518950702,-1.25462597940157,-0.8449181045875803,-0.4114976142982259,-1.5603539582012702,-0.5882596123241516,-0.6931200320345531,-0.6871592547329581,-0.7564221996820154,-0.8097021425537555
69,-0.08004965022658782,0.07449516378879859,-0.10977942330657911,2.907687131825815,-0.9605387967888817,-0.0448229895213063,0.051012689230344424,-0.042561013837912845,3.0522307239750464,-0.027809636312592336,-0.12244229459024648,-0.05573161938446737,-1.5438958412151802,-0.005299875281646582,-0.01156393404815536,3.055961916265713
70,0.0557215428385281,-0.7235496972139139,-2.244448092387018,-0.6417784398106143,-1.075827236019483,-0.5057795026049,-1.869396156648625,-1.9894546767930454,-2.2779788032458295,-0.274280890478333,0.12516050768561898,-0.23088304546317306,-0.5036827050516879,-0.46436696260501203,-0.3754457981728611,-0.2941044726682377
71,-1.2954399767358324,0.1795794388436117,-0.44723892776745877,0.7399848068918676,1.8384800281031353,0.365029125379916,-0.09513519730773227,1.0732715773887234,0.5132458635440023,-0.08909378041729038,-0.8449490790042655,-0.07810679081326984,-0.33981824843704006,0.05455910558502026,0.41961376082631524,-0.36317935522878314
72,0.017563438763075458,-0.13824356240693608,0.6029036383847522,1.0638650640420537,0.9045785229047494,0.28823940553996125,-0.011998323419275082,0.8009090964952315,-0.17439753749013082,0.11750905129045118,0.27231908927407816,0.35231960014243263,1.4864891165968994,0.19138693991785952,0.25767744171013485,1.3832783287503767
73,0.2684092226930413,-0.3000516235977396,-0.03379656627858856,-0.7205809336343769,-2.065140441375799,0.535809152103745,-0.1077221903180123,-1.5343148914915483,-0.5423599006645031,0.3752591912049643,-2.0605355197594224,-0.2364811575881753,-0.37554258704796484,-0.4281290931141036,-0.6851248342344145,-0.10191782862674179
74,-0.2652050644376787,-0.8037248430645691,0.7541622791072394,0.5597384281649962,1.2074334969542113,0.29564334771115186,-0.049359253530542685,0.9724105833525097,-0.6817800117726796,0.08650833337835939,0.2897125500729589,0.3730250341323098,2.163750673535089,-0.2533275167792135,0.09515080259207388,1.2743519254233207
75,0.35975751438322123,0.5935766871640605,0.500563021896532,-0.21310006222108513,0.9970536673635892,0.02000616188631293,0.22734727354052314,1.0038881911062687,-0.1395885242011814,0.48081872097711637,1.652944156483907,0.6652149219117474,0.21580345542844437,0.032212516163229614,0.38320447436603716,0.36602502220531974
76,-0.11549125140889176,0.5131872821519924,-0.3734301069671295,-1.0283662061485408,0.06780459801448846,-0.424579877746696,-0.083949692518327,0.2703378136074233,0.7148534926519515,0.023803089140251442,0.5716732742065465,0.3237611980432367,-0.9153969484804925,-0.34897206781258994,-0.26231288313345086,-0.19797862871800642
77,-0.004697327474382571,-0.0015730645474637142,-0.020425405663096606,-4.631298648649977,-4.023521681826228,0.04667471334461741,-0.02116115443327894,-0.03040257660412293,0.07289680691599308,0.0042028327853295775,-0.0998410620278356,-0.030379306790984294,-4.982134657354484,-0.004846999214886597,0.004108912040174679,-5.065953818163362
78,-0.007780305399101253,0.010189585795678066,0.03298739432841618,0.028606390379751954,0.02356042124418826,0.025803369897107336,0.002597665465404787,0.04698232570082538,0.001782572604649887,-0.002056220161578617,0.020359139364738668,-0.003139305347950884,-0.037117807830615794,0.038860295760088585,0.03037264696468283,-0.0032942032145695504
79,0.1291516949230879,-0.7237936745934824,-0.17929232812503734,-0.4942839065777682,-0.42020688255966276,-0.1401301340071483,-0.15092832122429667,-0.46768758516589665,-0.24619677008650312,0.13996597823877158,-0.6882306524327978,0.2752489246495768,-0.37075709953155483,-0.4326165974032554,-0.4827154923527799,0.28891663813327406
80,0.28451995925722334,-0.09976943801924532,0.09834612351704781,0.1600695202762752,-0.8478670834231447,-0.19764665766405068,0.08505660010639601,-0.15479185171936044,-0.4069603853034543,-0.0005852945122097005,0.021860993689590078,0.19525297888124862,-0.7826059820293769,0.13653155045834822,-0.01832041639745891,0.21052140363281882
81,0.11322801354812556,0.054962029271304766,-0.25499232140147277,0.05335336293044325,-0.29255172857736383,-0.01951183091076746,-0.046881761456942964,-0.4331908332962598,0.224241021840184,0.0003254284697885932,-0.4305571809269897,-0.10757993148056968,-0.44415143285598857,0.07118757392643048,-0.09811509667285795,-0.11602548151714548
82,-0.09790101657906261,-0.06350330451386757,1.9237825731868965,1.6010916407735158,0.324763841206831,1.4461935511614408,0.054235030092595976,2.2815035367803516,-0.2595393808248025,-0.00035775486515593225,0.38356703977762474,0.12461134695076591,1.991674473217047,1.5155269513473895,1.4991151214834852,0.13428089514707123
83,-0.18329917499406284,0.05696734378987189,0.024871578353051968,-0.03667893564076889,0.5454220747251078,0.1800275064155814,-0.04860693790538793,0.2012444210793234,0.23252481066015263,0.00033067974526406136,0.01669179308768309,-0.11158299639995817,0.5770574219126996,-0.025870854833205642,0.0744555640947796,-0.1203038812018669
84,3.210267952887725e-06,-5.135275077304588e-06,1.3789113409566804e-05,-4.4047845494461535e-10,-1.2491550546933836e-06,-1.6217908851043794e-06,3.3096266754531956e-06,5.776279209930018e-06,-3.1838463216484805e-05,1.194852162064038e-06,5.479922858087352e-06,8.617101913473704e-06,3.820199568220331e-07,-2.9465130883584492e-06,5.351187702018935e-07,4.354196396421052e-06
85,3.5027491479214745e-09,7.052229487145658e-11,2.4022995259871573e-06,4.5454520204480336e-10,-3.5585185510945e-06,2.291482761715787e-09,3.0695767068857374e-10,-2.7920971994687265e-06,-2.5282353628866756e-10,-8.668110087786168e-11,2.9073535405643797e-06,-5.470191978133944e-10,7.973065208498917e-09,1.8646683709478843e-08,-9.245233871254247e-09,-2.8799245916965015e-10
86,3.187585829713401e-06,-6.866189589735113e-06,-2.0087915654603014e-06,-7.466364138573742e-06,-2.6289938525885492e-05,6.684242269565947e-06,-1.7090850702500966e-06,-2.384680001999471e-05,-8.524376294500424e-06,4.461160211802218e-06,-3.120997970088626e-05,-4.70334174887651e-06,-2.2927220267608657e-06,-6.932701934012831e-06,-1.0477341710846752e-05,2.1238196310867232e-10
87,1.9362510691865583e-09,4.611171643997357e-06,-2.192660309558082e-09,1.0762399772184562e-10,6.531339721812514e-10,-1.5938246297799384e-11,4.166061601742839e-06,-7.376012846067519e-11,-6.784625651114546e-11,-8.73183402041108e-12,6.029975384667533e-06,4.925642438289849e-11,-1.5132892993514642e-09,-5.952836369826413e-09,2.8702168783339526e-09,4.283755934046796e-11
88,-3.1691943198426373e-10,-2.1595989332848333e-10,1.300242012172798e-10,-2.928550529230989e-11,-1.826465942269989e-10,1.5953788932962828e-11,1.7768357846644595e-12,3.122282910588434e-11,4.686057191673e-11,-1.9804049807447605e-11,5.325744672237104e-11,-9.522417902188495e-12,2.582513281858295e-10,1.5461725055554432e-09,-2.534267349022681e-10,-1.2825299020011092e-11
