,0,1,2,3,4,5,6,7
0,-0.008452022431311903,-0.008911551951837998,-0.008831415455934386,-0.008478372713345771,-0.008897315618575324,-0.008455641786554634,-0.0084519634398355,-0.008616313846166455
1,-0.0003748031617177852,-0.00030411106931378364,-0.0007267220933823923,0.0005369814553233671,-0.0001578791714522423,0.0005816906360073536,-0.0003307403672898792,0.00044170891828675417
2,-0.0010101307268995869,4.776850287552574e-05,0.004825598552564232,0.004558875770167116,0.002996006332250074,0.0002720893007027316,2.7502392962690923e-05,-9.667016883957318e-05
3,0.0051515283059722725,0.0011112181411716399,-0.003328574309857844,-0.001122193463844288,-0.0023055570679419023,-0.000566877005327569,0.005122415356898764,-0.002461037157793666
4,6.341211561238934e-06,-0.005137581870755258,-0.0016105572497649944,-0.0027571899736411535,-0.004822685038730854,-0.00705525873696607,-0.0002161688501169731,0.0035725020847815927
5,-0.0039467710150596896,-0.0028671256409262707,-0.004132106886472343,-0.0012176575196112904,0.001750574094443129,-0.001090963117611733,-0.0039856299843157505,-0.0026286598055803006
6,-0.0006211350450074458,0.006093381234304101,0.005437505007468647,-0.0010455523192194314,0.007873538042379056,0.007932102221286666,-0.011366325704109146,-0.0030237391091659017
7,-0.002615806526340629,-0.002678522857493268,-0.00336164182106886,-0.0006078629103239616,-0.0019680755390258215,-0.00016298713524965484,-0.0032082082286926717,-0.0020225284713002844
8,-0.0012453512499748603,-0.0006734588356064102,0.000667895972826173,-0.001667488396690663,-0.00016169669573177307,-0.0008346775145524068,0.006753274500193209,-7.290638075966759e-05
9,0.006265134229381259,0.00035747046692887293,-0.0008647447202900227,-2.3031723722630687e-05,0.002691789705024478,6.187542292663231e-05,0.0028323279063782562,-0.0011085429371825546
10,0.17110217839350925,0.03148429890722678,-0.048588603803800784,0.0023764441751460016,0.04585729290301005,0.006464535244687458,0.1845490590187443,-0.011546784814197986
11,0.16469505969511938,0.05648503914716986,0.014924701739193684,0.005139924924099823,0.06210745390839322,0.0008553158951793671,-0.06855844448765422,0.026826542101192532
12,0.05739803067260741,-0.058410289318621904,-0.10876603734879466,-0.0021035147644205923,-0.10436389111450654,-0.10777789354712324,-0.10579156847469687,-0.09927913927104419
13,0.005764312073083357,0.006186564801363212,0.007348537080301445,0.02004421423264197,0.019473430562733405,0.15928432749935945,0.3183058633758234,0.1554628802678849
14,-0.05231141266422866,-0.044002326717308145,-0.06935364951680474,-0.05567282280724509,-0.05350769615303538,0.012316513417938803,-0.10254840212216071,-0.04413246327165111
15,0.2583151562299083,0.06787545785086979,0.00831009732336978,0.0015222727529768704,0.001865222286146483,-0.0002056724844215539,-0.16263831525189462,0.016425742822099756
16,-0.13568001904626645,-0.04132552147573325,-0.060514849290433145,0.006317964641433088,-0.014388414127047465,-0.07710830063431537,0.004145296201908959,-0.03863075551672839
17,0.040701055623262164,0.04767760975336261,-0.05762319067241705,-0.005717166336778053,-0.029729778922359625,-0.033551121234578145,-0.3977752999435527,-0.03208957154129085
18,0.2275208833738443,-0.4947348037951128,0.03698055888952686,-0.5152174132022945,0.1899247880654807,-0.5517295640917053,0.2434522265588914,0.25310553470659475
19,-0.6981120816938213,-0.19434692360295083,-0.19312458799683083,-0.0764816682820564,-1.0388930055265926,-0.1944942974367556,-0.7721828996989711,-0.1939283185013914
20,-0.5716384330435663,-0.7238376168042161,-0.7224166217124806,-0.5108280357106671,0.08513315922582565,-1.0987133549552366,-0.6884519284014347,-0.23478183925583737
21,0.5357822416283445,-0.9560562050611582,-1.3879843607735736,-0.573030968498918,-1.4699473282007354,-1.3899386732645878,1.6110272394796121,0.04804954582255505
22,-2.6618410055008668,-1.394044715033303,3.558831508594555,-3.071262973641552,0.4210481454869224,-0.45305150665136046,-2.255470343764972,0.9245852682446958
23,-0.5567648079183753,1.3173913462340343,-0.3395655987960464,-0.15549550209529422,-0.2467894021846013,-0.47623455642795887,0.43857356423756627,-0.23295873540931178
24,-0.05208030616513228,0.05842988447252456,-0.1852914245387323,0.06567856089485921,0.038547107782900054,0.3363537631254908,0.5144220346030968,0.059257993868885646
25,0.1922184800172083,1.3463448115255485,1.970695316043073,0.10943827616530385,0.1927578583492888,-0.06513405160529591,-0.33701881209679696,0.11945396658377967
26,-0.6055172890764026,0.4489754549255465,-0.6144185119514521,-1.304777746084054,-0.6266905772154305,-0.6215570704373766,-0.6013441100597959,0.10567854600476952
27,-0.0450896423652448,0.4661926701508291,-0.03834987230561068,-0.38623999280181714,-0.1554282867738889,0.4581310504354085,-0.20802334127541977,-0.17821155927253296
28,-0.14023749698573704,-0.17577756564847427,-0.3958783541460377,-0.398093249908484,0.6130567172080899,-0.4022704781308855,-0.1786379647787835,0.4286365035663154
29,-1.627173886829423,-0.4283340636523302,-0.7082787055102797,-0.7977131292825905,0.9507716283645702,0.8635057171514824,-0.20685738263877487,0.22624592222660125
30,-2.9816114939016125,-2.5307153591182483,-1.772836615910328,-6.52593414567541,0.21126534020172136,-2.039048375896176,-0.3588627981729196,-0.7381439039423832
31,-0.07298308552321409,-0.24432749237131368,0.4584208034364331,-1.1644999212108496,0.40263920022554467,0.05329974469858967,0.13022321820350982,-0.2864771655231883
32,-0.8267978830652879,-0.2562696611719926,-1.2243663459000047,-0.5865395053567297,0.16846289822972285,-0.9226951452984874,-0.9107386666815829,-1.627799275147969
33,-0.29266622724011143,0.4222882149922546,0.24860691778637073,1.7117730928644823,0.14417287937321313,-1.3861901965581023,0.26731297212261323,0.345743206879034
34,-0.9083965551538687,1.3304545086313386,-1.1882042181618853,-1.5641689125423928,-0.256201650502707,0.9847884086166012,0.907447742087185,0.9606262404938888
35,3.42021119339098,0.017147763855909128,0.025813153773435744,4.963970416898643,4.099933476971146,0.029710575909088457,3.7849950937050423,5.238200545272343
36,-1.0201931441916343,-0.2697951315711352,-0.09856947698843853,0.00869826562420297,0.00968051083387978,0.012277315163378377,0.4276863136595769,0.010157865135873143
37,-0.42451277262111364,-1.5480169314070351,0.12546291661003522,-1.146390923784541,-0.1804537229855665,-0.9170419429231854,-0.3052920899575096,-1.4403472719937533
38,-0.546682727267186,-0.4715027599008659,-0.44670326915236447,-0.3212591599202613,-0.4982448652165774,-0.38334762038215237,-0.34232511493551515,-0.25735196241004743
39,-0.44008430548806493,0.0027068144148969333,-0.05302941312289499,-0.0311075130666613,-0.16708535668095204,0.04473686084446403,-0.05420385078787334,-0.13191690746629406
40,1.3100881666401527,-0.8190125048481748,-1.1405726106308527,-0.0066971727374575876,1.246028502114974,-0.9617993722406323,-0.38012679099533636,0.23228802077833985
41,0.25190871834325623,0.03604190742677189,0.00019665331968841742,-0.3642824483524624,-0.03209980770635688,-0.7235895527063269,-0.4809368976747821,-0.05167348617211547
42,0.6264794966220529,0.05297749247211284,0.0029094526690312183,-0.0007947705268865083,-1.1233799584050046,-0.1421332989815667,0.7405410644672528,0.0887110052449141
43,-0.02301783578510897,-0.5268502648764887,0.14649219373841246,-1.1833037301916594,-1.3012780094499492,-0.5045577446853587,1.1292155930568888,-1.1058257055495562
44,0.15829899543058024,-0.09025045668355448,-1.2133769947716642,0.40604976151785716,-0.542546750210864,-0.3470242842614606,0.5333051579904986,-0.4961722018026617
45,0.5628932012772316,0.7662143828999399,-0.1863859073183132,1.3303270586850255,-0.2030382510623611,0.5427636513801812,0.49288182884645165,0.4943218612128569
46,-0.476306144462027,-0.4395283845803262,-0.4469749712179077,-0.22120081768757185,-0.2013300968278216,0.7594544113135488,-0.4784358166982575,-0.37559434244914974
47,0.10944845237806597,0.4972307976193718,0.7258285968517306,-0.8692845660300426,1.8968633466616398,0.29858230369926825,0.6990763813344449,0.12600756633336244
48,-1.3795186642450123,-1.2014136503061292,-0.17313380800052652,0.4256045354157268,-1.1288955927605453,-0.8319354529955774,-0.6590034407021126,-0.44358722263336575
49,-1.0159922751920296,0.33959119222560974,0.34686350026141893,0.47285948856213295,0.21520114129060294,0.29819432308971305,-0.8408899559357539,-1.2855166437215313
50,0.03310610508823889,-0.1953404699053227,0.026681988251417238,0.49902796755241047,-0.6163406870953875,0.7202723228363574,0.46148574157977545,-0.4683261683506272
51,-0.5228083879774308,-0.4712508029542842,-0.4659845108968014,-0.6262789012523263,-1.585095138433925,-0.8765390133157743,-0.4203042224328605,-0.5585572868091107
52,-0.5030723494668,-0.7746169348877533,0.11748104566508048,-0.1809759346093647,-0.4327101536137574,-0.4339860272447711,-0.5095299947866868,-0.4405970671518003
53,1.0816892148362274,0.3122771461017508,0.14054394792780753,-0.1441833244722075,0.021910883464507466,-0.34540972386791163,-0.5108730485112385,-0.44079505153742626
54,-0.22652212546761516,1.2232404891836273,-0.3091209955905233,-0.3929302150381209,0.23138997892290536,-0.4811453348984689,-0.5763752311224263,-0.24990239395682248
55,-0.2684074063896989,1.0762963172317497,-0.8471074161630703,0.2957683669422837,-0.9053199944833267,-0.7322078342517006,0.04576882653160849,-0.7879082077822499
56,-1.270133623649577,-0.7239780157200527,0.09305447343944916,-0.0946323336054767,-0.25996050391298753,-0.3200785759182508,-1.6872217985301667,-0.15045342002684442
57,1.120439781647337,-0.4968607518010682,0.2921063959914591,-1.0201227272152216,0.39587529946049055,0.8172471840432054,1.003358428797956,0.3302693524514861
58,-0.24842564799757175,1.1750330681591667,0.18924013077583657,0.20393658788466731,-0.4346910341427226,-0.8769210091215036,0.2791517612153133,-0.6104125539741805
59,-0.8719547507396366,0.27453623590537973,0.10597445378971443,-1.822920231470166,0.1568342441825881,-0.04467469126387695,-1.2647054649611542,-1.529620437615837
60,-0.6785911134836711,-0.9209453371106217,-1.3138792121556742,-0.5042135165767384,-0.8210831035337356,-1.1790842274148772,-0.8807574539111735,0.6585363256553673
61,-0.5050851996665656,-0.23500376834129472,-0.5847505318744664,-0.04922774806140409,-0.4195131862233217,-0.5529546296869393,-0.6132989097331384,0.5176498529906676
62,-1.0567265954237817,-0.12293855201446256,-0.5647924288118062,0.513191196993062,-0.40571058314995617,-0.5689645478379568,0.2950815902654301,-0.8252260675555114
63,-0.6966560947698137,-0.14099846006338126,-2.741978926074232,0.2814872340272978,-1.72311432857723,0.09618630208664164,-0.4568588379205692,-0.8616483011509042
64,-1.202311140184578,0.2057077418610867,-0.2778927264413558,-0.6000150460619711,-0.11950889999872245,-0.09296588452953543,-2.328280357296814,0.05274263694865608
65,-2.484854618035218,-0.8116192439202533,-0.609294138125147,-1.4701556962975908,0.21520551173054353,-1.0101215344137005,-2.003763173987122,-0.889504857792323
66,0.20104661519747347,0.6649440203975925,0.653248306553875,-0.06266869139760764,0.6317660033506084,0.6607937614523332,0.32029816908899994,0.4021934349940657
67,-0.38347404951475395,-0.27129523482339046,-0.48109133626252054,0.5887491978129676,-0.30269230085550203,-0.35028738722156544,-0.24298240705822988,0.15272055515027716
68,-0.16608649417150528,0.0729064471502258,-0.11714038077780277,1.2013890201618946,0.28471396376379926,-0.05807370344756307,-0.7425614846980523,-0.3229460390555323
69,-0.24801993513460913,-0.2777998927794504,-0.08592991951572564,0.13888305784034452,-0.04022016572354509,0.34352889308592943,0.4699186116270439,0.0015281446053633531
70,0.0008833013843549851,0.10249721761379656,1.8178342153017077,0.27651809993230375,0.7932831785908511,-1.321727587816346,-1.2336496446879894,-0.695645182204084
71,-0.5794075002712087,0.6277483836934666,-0.803821829199502,-1.1562945019753592,-0.37695320656175846,0.5855155852157554,1.049513900727829,-0.3501619294855413
72,0.6921468835436716,-0.6585390312394332,2.107134699523542,0.5430617160563947,1.0685067840821625,0.9368366108844665,0.5602647912053536,0.7591159411002344
73,-0.9026580005288408,0.5725733311395682,-1.0578067620092155,-1.8525236906170197,0.016380183566748367,-0.528412662109725,-0.588819302685899,0.05880364320357277
74,0.640412211434053,0.9757022656718727,0.9483295303815326,0.8779328152465697,1.0395797825087456,1.1428644276895175,0.41312386559684405,0.5313165751183274
75,-1.8939451394397149,-0.015092662033211595,-1.8612521941921483,0.0009139872747566498,-0.03231611865105387,-0.05071795962669352,0.15263073763181295,-0.027412490488635196
76,0.49458919971696963,0.8856519466863002,1.2580216701429767,-0.30660135450491505,-0.08111826639591643,1.2396051616571935,0.8654275566627714,-0.6157859447347046
77,0.31202813804745483,-0.05045880184343113,-0.05220944559410675,-0.0227679248015503,-0.07023899624143605,-0.061829738526280924,0.2095766404268847,-0.03888736359847032
78,0.7727417131867685,0.7306726924533863,-0.6920440865233621,-0.21356717205280284,-1.1294749822432335,-1.624031386016671,0.9213268766791888,0.1418529191752936
79,-0.36565981920131996,0.06384162080182508,0.05436405837456078,0.0505069901954288,0.08804096257303771,0.07348103068908293,0.2753015391065118,0.05072805830066375
80,0.9091354319824226,0.34200365581879777,0.8619032598468114,0.846136038445554,0.7301554046767208,-0.9407616582850156,-0.40486793053575587,0.18880677475978222
81,0.3089045463661772,-0.010517116989555318,0.19480006724172347,0.010466992485200057,0.0739565941386382,0.39069479896591686,-0.06071263764706131,-0.007618337452321229
82,0.04813590890958787,-0.05358491816560538,-0.03858075993525419,-0.039679304241566654,-0.10232054600331025,-0.07607598335232467,0.060137360798328154,-0.059062752273403886
83,-0.5085121027587377,-0.4160325795459153,0.02278831373002829,-0.027524653628152367,-0.31231367203158394,-2.3440647639297287,-0.23579038249722284,0.08648330648344892
84,0.7427758077314434,2.646638222816828,-0.2734251908352429,-0.4546995491061585,-0.9665930555577573,0.5029924687077902,0.7751754148356088,-0.5291881685769457
85,1.0884275952409652,0.3275371304643217,-0.13151892528298126,0.528315093549746,0.56200351857797,0.8281987888901824,0.016336590922493975,1.1434677615035598
86,-0.8914260595861268,-1.2673583375353268,0.4860418482457236,-1.3311351576452461,-0.45355704054252144,-0.26990263485531213,-0.5015046267092594,-0.0427063476064986
87,0.4370095262113571,0.010078064881438888,-0.3398273785120164,-0.057801232502165685,0.5143180728967026,-0.2585689421347477,0.252329208529332,-0.5517261735328213
88,-1.0877328493631329,0.02893834161014785,-0.3961656861820486,-1.0261581542087157,0.2052561869167806,-0.6570003350167672,-0.936645143725181,-0.45054577870055945
89,0.08904655528377695,-0.4094723903046439,0.01916976041923789,-0.7346075137197934,0.010026036717740694,0.022517869892107426,1.9339314077985847,0.6776919528459748
90,0.037605257519006695,1.3168908216194033,-0.6142121420755302,0.5589903407249311,0.3868514624235894,0.003408663987457886,-1.0763208232503756,-0.9107489925125534
91,-0.30117689518314017,-1.6290056429720734,-1.041846342442986,-1.123219073022291,-0.9812100924339935,0.8062160813949181,-0.11505656468992417,-0.5561717872022297
92,0.11633583104887303,0.43322837105717754,-0.9543283010259704,-0.8709231002027942,0.5483962364101822,1.2189018733657682,-1.0695227233283489,0.20954235894631776
93,-0.8456428830187638,-2.1625211753071163,-0.9855840381820702,-1.1552629338252656,-0.3741461062721361,-0.3876589546122572,-0.781801082971319,-0.029490627503844326
94,-1.3318759739557124,-0.24648994201762814,-2.3243071417820103,-1.6149710195570914,-2.6110850560010648,-2.1060834105622357,-1.6144289839582304,-2.102151017211651
95,0.3817075216353454,0.08777388656565008,-0.018242728569795173,-0.0013699843696653277,-0.4143475200196727,0.024310737729130217,0.11720832295803711,-0.19484785055949946
96,0.2904216511112955,-1.8662968295869655,-0.9985368257956744,-0.6368402514178433,-1.248565555651524,-2.3091050517598397,-1.8073300509767294,-2.086925161412015
97,-1.8393177699880168,-0.025445331094988023,-0.5891070379475881,-1.8602286717735048,-1.970281670390526,-1.0440927463539846,-1.4862038597949947,-2.309522963633198
98,-1.1068130634420847,-0.2585089629459853,-0.18477488120071017,-1.1846088069112668,-0.17353812616347755,-0.3637871847241968,-0.9672735871272334,-0.8995862603482842
99,-0.4695313777964079,-0.35085785823289733,-1.5726778169731332,0.30936552466979705,-0.7425179047430844,-0.1537442864313213,-0.015249637714812745,0.25358647608504375
100,-1.039573669614123,-0.2852398105613359,1.0166248052822418,-1.3524324027946475,-0.6184418464610246,-0.2889900240725341,-0.1374285449475103,-0.631572825369043
101,0.7982129099419296,0.33084857981530624,0.22594071033873286,0.4753056373485439,-0.019175054066210253,0.09590622649787309,0.6985452692503521,-0.12422522696316621
102,-0.8919719731343256,-1.7403897262874046,-0.6274344128000402,-0.16250271507193606,-0.8363903334125009,0.2619825803243516,-0.5246565627883675,-2.268458351887193
103,-0.12520098760050646,-0.5558437088452292,-0.8428118350644999,-0.9704687700804889,-1.145715157147272,0.08722793749314256,0.4702751127209186,0.608000655275838
104,-0.19335406370347974,0.561744529568565,0.9434071816006944,0.7775177394186237,-0.7003367631331446,0.15279716176338748,-0.2776006339890885,1.1601296288053375
105,-0.05203801256234772,0.1609288958645134,0.20746690311278776,2.0245898645416918,0.15196255600194594,0.06331418137679588,0.06733218923928025,-0.11062312649098985
106,1.9975270289680724,0.052779129765009744,0.048540101632051795,-0.5089994656617806,-0.0606588253345145,-0.2940798242865746,1.680686296215948,0.8051434396272885
107,-1.509358760825003,0.2468991860337637,-0.6790036206240839,-0.8932820465608611,-1.040333336674222,-1.2723071792702414,-1.5633685124310666,-0.13728818621953287
108,1.5791189097258196,0.7970970701304775,0.21516771961130327,0.5904817162683176,0.07316591208612064,0.47999123823531115,-0.9162762317828664,-0.7687599122361106
109,0.19733441019388787,-0.3583354489765022,0.7718457466929748,-1.2786051734659851,1.2219474880156336,-0.9493607858423464,1.1654723374853115,-0.09321845962841142
110,1.1112162987868752,0.510036062137441,-0.3868818495979554,1.0781397469024296,-1.619341990852962,-0.8167168297869684,-0.17906850673947952,1.3089434998635279
111,-0.6870172480237475,-1.161679142104686,0.5896742324040306,-0.5379287246614296,0.25415963336299546,0.41909319140423856,-0.4930511724832957,0.4537755825273569
112,-0.5819883887202938,1.302995588499633,0.52604427300539,0.1429239281216451,-0.43805424381275204,1.1814813139959255,-0.43525338002338554,-0.5815106624762789
113,-1.764807815604139,-1.2910116060673815,-2.8508864709396082,0.15911525718098177,-1.6695937046777505,-2.0732183119075165,-0.49801156427279597,0.2115144631031582
114,0.6259900835557726,-1.3977652465647903,0.2142756307860392,0.03401687293260665,-0.01983493507559685,0.3234502263079766,-0.22120190239456508,0.3000421417003239
115,0.4747104741928566,-1.5871511173185848,-0.8675205286897786,-1.2034169031560233,1.4069607670155309,-0.9599425333098355,-1.1429620647529033,-0.11013288721351817
116,-0.4295476974045053,0.24935325298415123,-1.990848663820616,1.12020429625782,0.625388676821181,1.6050368511191784,-1.4444955362969287,0.7657855325313222
117,-0.25474183640697473,-1.8785380574862334,-1.1493806780155988,0.06298528857643969,0.2891226999682359,-2.2812795395103898,-1.0937677040212002,-0.9466765530622311
118,1.6572582639065652,0.5624928983567361,3.25568055795425,3.8885892138721934,0.9999296801645675,4.902780956310429,0.5544162366801181,-0.33994631445157536
119,-0.3100350478666512,-0.2614208794908067,0.1633613406337748,0.3767835499646481,-0.8647781920632412,1.3063334287206148,0.5473709422011289,1.043630994016218
120,-0.07913228033308103,-0.8068845529952982,-0.27872160870857604,-0.19678467653202195,-0.2679808103725133,0.022680902399252554,-0.10456480261645286,-0.0950615044212363
121,0.20864103466164188,0.1292066747952061,0.00045642884403808935,0.3819004068127634,-0.00040232752589434853,-0.7807093834901672,0.15922652429024967,-1.7695376678911912
122,0.12362751754879348,0.24695280972948647,0.10904440072721984,0.22620436584505418,1.6001593404127887,-0.5842867964413772,0.19206523062102948,0.05215942082949726
123,-2.721472601384662,-1.9244622794372084,-1.9265832909280485,-1.209158195849395,-2.270794778219289,-1.914249217264224,-0.7059198164121566,-0.04857971831168738
124,2.4640286496307033,-0.037234776432815905,0.4835796700009852,-0.6541468825403881,0.8243520321458715,-0.024028708305874575,2.610947022597778,0.11392422040323315
125,0.22272988680265526,0.010801237733621526,-2.397054019984552,-0.02198768441748061,0.015393082510058057,0.012156643773791227,0.1257881344265217,0.12141561544216746
126,0.3292295924371906,-0.44610385318826984,1.1532886516710938,-1.0929397308094642,-1.4183326505303815,0.08653084665764242,-0.46959401507150283,-0.4802142465999709
127,-1.6694089796036364,-1.6553710691808385,-2.6708567830892784,-3.321728958936284,-3.247148022199406,-2.5564910671366605,-1.8243666187267877,0.09091647560249566
128,-2.004489203624266,-2.8134362737871377,-1.1245781462702993,0.8582089434584983,-4.100033238526312,-1.1621598032969467,-1.5111487128681595,-1.6714668794863197
129,-0.983969389979789,-2.4222684326318578,-0.5080889815484279,-0.5195237627919647,-0.5351772000694506,-1.6062186491304349,-0.3880009273725371,-0.2577703833491354
130,-0.7847810748472615,2.009647906221497,3.343190814218291,0.3551777994653631,2.7748267699370763,2.18773830972111,-0.0878540769290412,-0.6428376315791074
131,-0.24913609128646014,-0.8258970068001892,-0.6696139785063645,-1.920292652179961,0.018036243038518213,-0.8946256187314358,-0.742442718954922,-0.376924954935404
132,-1.3962731911540023,0.2412247143433856,-1.1570253233785628,0.3035884715558366,-0.0942014924731165,-1.0078005673958204,-0.818099837042743,-0.13700276581204227
133,-1.3229146580393956,0.5847382578370983,0.6726985152541022,0.0207241354162849,1.0803786436525535,0.836477416513208,-0.4170668831494453,-0.18680470484706727
134,-3.228136037029664,-3.761877632303945,-3.8321757572115467,0.3324717078062352,-1.831124506146088,-1.9110500572117686,-0.8413052339042874,-4.626970757983041
135,0.5789628809131075,0.5867546942562767,-0.5380491463686755,1.49874189598717,0.652632458398802,-1.3701108158049615,1.2127784559551604,1.5169626175890853
136,0.04436246443477323,-0.81830338761537,0.38813920549099457,-0.4566227729090049,1.329143023794736,-1.7270479490151651,-0.5905522260217843,-0.2523688034941145
137,0.18229291866675024,-0.03803068336463963,-0.2311404072672729,-0.2728483392152182,-1.0787209957190398,-0.7117758715533444,-0.30491208390432584,-0.19548681335561235
138,3.0707916495115555,-0.46120323880160174,-0.923778667516387,-1.6454492810417805,0.5102230624568173,-3.438757927015987,1.7034506960178244,-2.5861550999988174
139,-1.604958169111543,2.463269355598677,-2.4791561940741484,1.646695443522656,0.7658214616937625,0.6841446559873746,-2.3100310923729586,-2.4180814097026175
140,0.18298874160901066,0.5737121467908591,0.036364194589842865,0.2926522290432139,-0.0530936293743959,-0.1508250032156017,0.335399832784566,-1.153966517641668
141,1.0917051708239263,0.864563859132858,0.5248400000362127,0.6709137265250449,0.030380027516027162,1.4567233509638675,1.0000168602829738,0.24253043849564243
142,-1.6375795320141475,-1.8570666942990266,2.8972104231857885,-0.06609078492993323,1.6277532883429295,1.317436468143563,1.787714762981685,1.291567981336582
143,3.6209809243194324,2.9447970244599015,3.8523250853894697,1.509678490233676,3.9849248506517516,4.049427760202527,0.5060933840711594,0.9105657339758602
144,-0.2775086456575476,0.5819084413894804,1.5737644212216662,-1.883306529303191,-1.74307848956805,-0.7918429162352122,0.41976371898369025,-2.5953163757546522
145,-0.25362256229624486,2.1252356047759204,0.8574485822763487,1.4633956920584539,-0.6601725833825366,-0.5195934956558352,0.17502849037186527,-0.3498264216194579
146,1.292673381838623,-0.37937298492394905,-0.3581675947142137,1.3502200880640443,-0.2052491816019376,-0.3283325747227571,-0.5303578230606211,0.008958927587526679
147,1.0664811130009573,0.7791394038979447,-0.0031773327644292093,0.8711110927169909,1.3388518345893161,-0.039033873560216065,1.516616951740266,1.712771798437
148,0.8499413028413842,-1.6050177916208388,-0.40634721987691313,-0.3271712896863527,-3.2899729367066204,-3.6167369718269495,-0.2778151012612613,-0.9135751782269717
149,0.07558602204586806,-0.8532650144312162,0.014988696420939186,-0.25997888298212135,-0.18314280931607546,-0.24184633406579042,0.5334038775039731,0.6030293488286353
150,1.050816071348352,-0.2402511248765271,0.0024104315742680487,-0.7647901598174043,0.8633243517922807,0.7552717619614909,0.6384866899403631,-0.5425897334842881
151,-0.8276152616304293,0.16072426092549658,1.0140230545929827,0.1631234696476043,-0.046818893846861574,0.3636510445609881,0.12611819011539005,-0.6604619080285686
152,-0.11342853007972319,-0.5476206389148662,-1.6387164416120195,1.1960245852263707,-2.178360300847672,-1.13714396034819,-0.4559812962417572,0.9611904228489219
153,1.2613357126035767,1.6915015974463896,-0.524091798438127,1.5459687549540673,-0.9102963559544756,-0.2752923545394851,1.7501290665411222,-1.0459171457762544
154,-1.1255526822039514,-0.8822027183164172,-1.4659289151670207,-0.5617817938432161,-0.9689992475541759,-0.06668707384694691,-1.173789119655128,0.1981708934796212
155,-1.5428528430280597,-0.08920075900654545,-3.497173943607724,0.9950978095650478,0.9306726206712326,0.365404891606784,-2.693597343164429,0.554960656828107
156,0.0021077929834672996,-0.9712431086729338,-0.24619409419661753,-0.3032080205892198,-0.4308834856976704,-0.5108807257829661,1.372856013573296,1.1941905115712383
157,0.45167348022272447,2.160244659234606,0.01704775864707256,1.1590097088751903,-0.7821413260836042,-0.9039347565320384,1.573050863283724,-1.4246931306354194
158,0.7530807041728218,-0.046355573869061514,1.5697264488912561,0.07891226576477252,-0.0759526877580769,-0.2195943003697438,2.6299371177709747,-0.22491056532324047
159,-1.3489228890094056,-0.31623700347726064,-1.401073609606084,0.7219373913440233,-0.43815862281390444,-2.5651451194493573,-1.2638009107218167,-0.7686242382582128
160,0.4131008462144059,-0.5443679189091795,-0.2586728767551018,-0.00343602959318948,0.1704000802605756,-0.6369655383055154,0.37631656490758086,-0.5435907375271488
161,1.3729862417029142,1.2693139188280533,-0.9363228152677715,0.9752886278960068,-0.34619980228345687,0.45548595809453246,-0.31278076838874125,0.6718558474316814
162,1.3440520768001978,0.6039119512468414,-0.06842133314155004,-0.08280111014699978,-0.32057928820492904,-2.0191428942709018,2.6270707668717894,-0.18077422683700028
163,0.30467906964145175,1.6875619940702118,0.8476046256490535,0.35200937157554824,0.37230754769810875,0.21226227198914102,0.9744713082459073,-0.499089335798133
164,-0.8544145711868145,-0.09802020880663857,-0.029394837055800073,-1.1131935044980725,0.40297171538381277,-0.43095333343456144,-0.5315536699749533,-0.7297565674849211
165,-1.970374064364288,2.2814257484578677,-0.5572078508430256,-1.8486614751510473,0.506649904499075,-0.8262292057882122,-1.986778606374977,-0.3868324297532174
166,-0.16328318682907597,0.14230193778759256,1.2274142759178197,0.6474386594816084,-2.3902896453396028,1.8916413689959295,1.2332922724996278,-0.29667575314063854
167,-0.08549230817953554,1.1931929875783738,0.9579485246542555,0.2307837952791514,2.7930598616558435,-0.7627326409574752,-1.066564510885545,-1.020428249568769
168,0.11467451962626282,1.9230344178920251,-0.14278602770921328,0.7656371871118153,1.549669536207625,-1.637730401558801,1.5686203731328425,0.5129015057603141
169,-2.0061353807867586,-0.403374202724373,-0.5142517361946245,-0.9419069814776629,-0.8375230577481223,-0.0013597017439044197,-0.9378415889710348,-1.164843934211035
170,-4.138698218682629,-3.941118847643428,-2.519434104583294,-0.13867845191897796,0.4919520993732591,-0.1629678533854661,0.6341749614650461,-7.217840756591136
171,-0.01879636705906946,-0.31235739050605105,-0.6811790939349044,-0.346215122311188,0.8496224094814394,-0.4677107173154206,-0.30505696922858877,0.6839111155163243
172,1.0178004776457865,0.31214621164364525,-0.5619370895504089,-3.7899508615640602,-3.187145950704563,-0.7192948429938024,-0.08061891094364224,1.3785818357731148
173,0.8373120191250218,1.0015923590018057,0.21808557146329927,-0.8106156206096404,0.9579337807038947,-1.1595058608175273,1.6065013202065086,-2.0092666605837426
174,-1.83915388663232,-3.378818536158838,-2.525383826645261,-0.6787723177762983,-2.7709025050897567,-2.306480745464188,-4.145634175538442,-2.2531106164125894
175,0.4872158768136821,-2.5189942145009176,0.9818715060557722,-0.19758639142045697,0.4968423332348425,0.45739630847786683,1.5022391772358943,0.611709822890651
176,-0.8254313805924868,-0.6460431820719255,0.6333480555078281,-1.3479236262381917,1.0309071247828827,0.7825351305659634,0.10565781442648331,-0.13667798306262188
177,0.48002207177127004,0.5051712177824136,0.08272327914959124,0.3274450393493708,1.169721576382198,-0.5142218593364974,0.5488596541648744,0.7745187611539407
178,-0.05292644380442717,1.4418711809878673,0.9703193072576528,-0.8222774977892493,0.3546788490387219,0.7107479396509311,-0.611630304213176,1.589097181948894
179,0.18102467746168593,0.4377022307029896,-0.8596102257387328,-0.575393469266845,-0.6805046212167469,-0.6041888348368987,0.04920222908316225,0.3036876334216349
180,-0.17430534656534424,-0.6731317788629337,1.1897711304905816,-0.18991592052650647,-0.2448630084393169,-2.0636928725528865,0.37562842286959064,-1.5355621749430874
181,-1.99519831177066,-1.2661606947535555,0.08771566011042166,-0.8811962647614023,0.04390304907856638,1.2411142907650212,-2.793219031843963,-2.5125662951335865
182,-0.43025009605588266,2.591856348228736,-1.1184487227438442,-0.25861092138022773,-1.199952005097985,-0.35183815010742986,0.35629961534719057,0.9966689255747162
183,0.37760085478027017,0.07087951649392264,0.019607824483599254,0.4776595621716483,0.3333115762390284,0.13265846637506878,0.39974865920283104,0.41103386144857595
184,0.2558344481097461,1.3058679145081125,-0.10581260591850412,0.09641002948918861,1.7207866701115473,-1.0800702408713783,1.7895524636461273,0.4938480807457811
185,0.45705532084526307,-2.0702989235856153,0.24147173966358904,-1.1995257902890397,0.6425210143055067,-2.3437082020146893,1.3093407973886946,-0.5268261072544662
186,1.259666080002063,1.4667484137414977,-0.06616785012797506,0.47620032658315353,1.2424866021887344,-0.5695069717556879,1.1855679733647249,-0.14436603056399658
187,-0.2981423707228001,-0.6052200116802304,0.7583652684913781,0.8868797752633272,-0.6500632218074147,2.697401054352418,0.8452985947102376,-0.8506946917894416
188,1.4493828922046685,0.666632729016388,0.3361280873836771,0.2539526029933394,2.271828542448583,0.07858438449605505,2.941522632330858,0.7024854710664243
189,-0.7442904977605771,-2.2223048807773123,0.16487913720191427,-0.6019245493438428,-1.778222186868301,1.1827500381458302,-0.42111332688654934,-1.1585582021940972
190,-0.6408793097717252,0.8834125803997976,-0.6049778781876622,0.04124214797533558,-0.6113490625795525,1.0381481095832927,0.7766015817543522,-0.960915304587015
191,0.018695590162679177,1.280600415227907,-0.12294367290122042,-0.1805123765340817,-0.30625394731723826,0.5529515931146788,0.6842423552775866,-0.6858484371086994
192,0.14893356132404204,-0.8701567042330852,0.08353899026886637,0.36471140956173914,0.4072761371376723,-0.37572723093301047,-0.2764336696869376,0.7218739765050509
193,6.901520390362779e-06,2.1823309003267808e-06,5.838102306001471e-07,-1.7460122221122132e-06,-2.993212012794857e-09,1.6272902099442637e-06,5.237404157324011e-06,4.428036694322442e-07
194,7.615094376461578e-07,-1.56030289976785e-07,4.438030413636975e-07,5.548227668366364e-07,8.531442156891796e-09,-1.1151215317553313e-11,-1.0672657169053299e-07,-1.4456884414448046e-10
195,-2.493401465981814e-07,1.0532000074598485e-11,-2.1787005300715993e-12,1.8295190273063073e-06,2.8252386956458964e-06,-1.2379564501546837e-11,-1.45854885235504e-07,1.639072410253139e-06
196,1.0886725126987718e-06,-1.3340701067181596e-11,-6.195966612492987e-07,5.155853323473849e-11,-1.101708084403104e-09,-1.3017412763515286e-09,1.6201925367720322e-07,5.884589730831072e-07
197,1.3316911045316395e-07,9.151984211662923e-10,-1.5911599720720737e-12,-1.2396965004023984e-06,-2.8482230566298297e-10,-1.836799584874243e-11,5.759352877472464e-09,-8.287797645472319e-10
198,7.434610430723714e-07,-6.399930259144387e-11,1.2629669214397198e-06,3.0424328433887907e-07,-5.903235440053549e-10,2.137794429656336e-06,4.2150313113020716e-07,-4.601096638659453e-07
