,0
drg_var0,1.002045024240516
drg_var1,1.0090920164947104
drg_var2,1.0037360212324267
drg_var3,1.003633565955191
drg_var4,1.0097604394607302
drg_var5,1.0001577266744839
drg_var6,1.0058698638097447
drg_var7,1.0027888486724728
drg_var8,1.003371479001963
drg_var9,1.003160373054364
drg_var10,1.0044654406981575
drg_var11,1.004447114693336
drg_var12,1.0064887806456186
drg_var13,1.00660025647462
drg_var14,1.006482067220773
drg_var15,1.0090940025561626
drg_var16,1.0021090457040587
drg_var17,1.006598585972581
drg_var18,1.006807772336159
drg_var19,1.0071330908918656
drg_var20,1.0041082895691182
drg_var21,1.0075544901365105
drg_var22,1.0037057791878616
drg_var23,1.006566250369031
drg_var24,1.0053811725124386
drg_var25,1.0069452597723105
drg_var26,1.0038125997571214
drg_var27,1.0045480618134206
drg_var28,1.008481568592789
drg_var29,1.0049360947730324
drg_var30,1.013946334230355
drg_var31,1.0075399340801292
drg_var32,1.0054053007386006
drg_var33,1.0060375851523522
drg_var34,1.0042800838371806
drg_var35,1.0087719335707939
drg_var36,1.0035450135334116
drg_var37,1.0071920472111568
drg_var38,1.0065838666709461
drg_var39,1.0042348174085993
drg_var40,1.0067381559838575
drg_var41,1.0036767112993201
drg_var42,1.0065351027280038
drg_var43,1.0011501828844018
drg_var44,1.0016976815665302
drg_var45,1.0059449936671336
drg_var46,1.0051076153052485
drg_var47,1.0080876493275468
drg_var48,1.003854546428492
drg_var49,1.006676067200773
drg_var50,1.0012051945726497
drg_var51,1.00627686668152
drg_var52,1.005638607297346
drg_var53,1.003791746793614
drg_var54,1.0059015796385673
drg_var55,1.0077203235029133
drg_var56,1.0027200533188
drg_var57,1.0020825961618438
drg_var58,1.0054957244647975
drg_var59,1.0105178177380498
drg_var60,1.0066580242756544
drg_var61,1.0125886526374717
drg_var62,1.0075494833572114
drg_var63,1.002744770897657
drg_var64,1.0008696185093058
drg_var65,1.002922497648518
drg_var66,1.0057036316035228
drg_var67,1.0015261078956992
drg_var68,1.0048036563735008
drg_var69,1.007400245426346
drg_var70,1.0082469572108652
drg_var71,1.0052640370731893
drg_var72,1.0039007875595627
drg_var73,1.000872963711787
drg_var74,1.0039947903791908
drg_var75,1.012149469000802
drg_var76,1.0059287524308629
drg_var77,1.0016463030427678
drg_var78,1.0047699634430598
drg_var79,1.0063430848649224
drg_var80,1.0067568617992122
drg_var81,1.0085101837606067
drg_var82,1.0040115746212461
drg_var83,1.005738432075427
drg_var84,1.0045729680405096
drg_var85,1.002618951455167
drg_var86,1.009284423520307
drg_var87,1.004333798611387
drg_var88,1.0068766747267361
drg_var89,1.0095922777470439
drg_var90,1.004964217919914
drg_var91,1.0049765031331346
drg_var92,1.011973224616826
drg_var93,1.0072782607095223
drg_var94,1.00891843751728
drg_var95,1.0087304455313169
drg_var96,1.0010199792518564
drg_var97,1.0131399315200413
drg_var98,1.0086155873059288
drg_var99,1.0077625976781994
drg_var100,1.006821699738026
drg_var101,1.0076375878041601
drg_var102,1.0042557296114976
drg_var103,1.0080978636373972
drg_var104,1.0064265620260089
drg_var105,1.0092628717071204
drg_var106,1.0021323360105099
drg_var107,1.006062182013782
drg_var108,1.0077528155870223
drg_var109,1.0093321965097262
drg_var110,1.0031115332071958
drg_var111,1.0049779837859527
drg_var112,1.004351815545324
drg_var113,1.0049289623944608
drg_var114,1.0086804615056195
drg_var115,1.0102525740421067
drg_var116,1.004185988455532
drg_var117,1.008376380915878
drg_var118,1.0077900417486538
drg_var119,1.0053674194553284
drg_var120,1.0059298281936255
drg_var121,1.005633660609669
drg_var122,1.0020248412203536
drg_var123,1.0205964270977472
drg_var124,1.0169464993525712
drg_var125,1.0056596003619498
drg_var126,1.0024968678081099
drg_var127,1.0082982456271732
drg_var128,1.0006033169034418
drg_var129,1.0044478844826594
drg_var130,1.0090209669711017
drg_var131,1.001102864179342
drg_var132,1.0081866043299614
drg_var133,1.0010013032260276
drg_var134,1.0085038158247637
drg_var135,1.0071234529193516
drg_var136,0.9994585459157792
drg_var137,1.0037627244357779
drg_var138,1.0052477122173034
drg_var139,1.006767943983476
drg_var140,1.0064832582295766
drg_var141,1.0034418807245415
drg_var142,1.0078688621028662
drg_var143,1.0098309402325714
drg_var144,1.0117279623573168
drg_var145,1.006804516683506
drg_var146,1.0059586727643552
drg_var147,1.0151362273642262
drg_var148,1.0095341097935873
drg_var149,1.0027042908689991
drg_var150,1.0055745184280565
drg_var151,1.012280223883857
drg_var152,1.004039377732968
drg_var153,1.000339390859204
drg_var154,1.0025886969818418
drg_var155,1.0092654130405245
drg_var156,1.0064564310843704
drg_var157,1.0068399667644978
drg_var158,1.006678587189501
drg_var159,1.004773285864172
drg_var160,1.0106658522506797
A5PISO_drg,1.0071220885461911
ACHBS_drg,1.006451062562193
ACLS_drg,1.0079453814411634
ADCL_drg,1.01302540475804
ADCS_drg,1.0032844329425086
ADMDCr_drg,1.0036404448488254
ADSK_drg,1.0082341925059164
ADSL2r_drg,1.0103052888781863
AGMHE_drg,1.0017007891311576
AICART_drg,1.0106718587107957
AIRC2_drg,1.0027277612152
AIRC3_drg,1.007368122096668
ALAALAr_drg,1.0046563305371108
ANPRT_drg,1.004839724745388
ANS_drg,1.0084250202937672
APRAUR_drg,1.0038176484496117
ASP1DC_drg,1.0052576725439233
ASPCT_drg,1.0098873426002666
ATPHYD_drg,1.0057854507885327
ATPPRT_drg,1.0053368492538353
BPNT_drg,1.0033167065969946
C120SN_drg,1.0030776714283334
C141SN_drg,1.0023477266753957
C161SN_drg,1.003312819512284
C181SN_drg,1.002045024240516
CHORM_drg,1.002905473016414
CHORS_drg,1.0076622662235932
CLPNSEC_drg,1.0065985859725812
CYSTL_drg,1.003334145505692
DAPDC_drg,1.0078060533279753
DAPE_drg,1.005309877443307
DB4PS_drg,1.002502919044618
DDPA_drg,1.0079433869633625
DHAD1_drg,1.0048688563890291
DHAD2_drg,1.007061462346421
DHDPRy_drg,1.0041764896657388
DHDPS_drg,1.0059288876645402
DHFR_drg,1.007626198877662
DHFS_drg,1.0042943639312187
DHNPA2_drg,1.00375098568313
DHORTS_drg,1.0021286515216519
DHPPDA2_drg,1.006488433517942
DHPS2_drg,1.0057184006141997
DHQD_drg,1.0137662921717638
DHQS_drg,1.0134043603833756
DKMPPD_drg,1.0083395575639893
DKMPPD2_drg,1.006682859565382
DNMPPA_drg,1.0082536305636631
DNTPPA_drg,1.0025751002486338
DPCOAK_drg,1.004833480814221
DPR_drg,1.0103907375288483
EDTXS1_drg,1.0032994198335783
EDTXS2_drg,1.0011508434766676
FMNAT_drg,1.0021349608995
G1PACT_drg,1.0081748244272972
GCALDD_drg,1.0101843146223481
GLUPRT_drg,1.00352715693069
GLUR_drg,1.008819395025148
GMHEPAT_drg,1.0037549135578807
GMHEPK_drg,1.0131976814107242
GMHEPPA_drg,1.0079348662978416
GTPCI_drg,1.0068563427595882
GTPCII2_drg,1.0006599996690257
histd_drg,1.0075572062581981
HISTP_drg,1.004388574123617
HPPK2_drg,1.0054087035075663
HSST_drg,1.0070729232623736
HSTPT_drg,1.0057445212364562
IG3PS_drg,1.0033204540377785
IGPDH_drg,1.0016202098673028
IGPS_drg,1.0056659455123904
ILETA_drg,1.0061262715892259
IMPC_drg,1.0034608327227499
IPMD_drg,1.0054257427507785
IPPMIa_drg,1.0074618132384328
IPPMIb_drg,1.006572196062215
IPPS_drg,1.0066405081278518
KARA1i_drg,1.0042508865463284
KARA2i_drg,1.0061774905304037
KAS16_drg,1.0022985641244937
KDOCT2_drg,0.9999297663662972
KDOPP_drg,1.000592304943362
KDOPS_drg,1.0030203904581199
LEUTAi_drg,1.0101205168198768
LPADSS_drg,1.006615032931122
LPSSYNEC_drg,1.0090920164947104
MDRPD_drg,1.0033284027507932
METAT_drg,1.0030020295384419
METS_drg,1.0035905153150186
MOAT_drg,1.0021381590864993
MOAT2_drg,1.0014723835124464
MOHMT_drg,1.0059835318526862
MTAN_drg,1.001687542456951
MTHFR2_drg,1.004011005465182
MTRI_drg,1.0087492982969506
MTRK_drg,1.0040596660724725
NNDPR_drg,1.0010190281238656
OMCDC_drg,1.0053712403157693
OMPDC_drg,1.0135185707096832
ORPT_drg,1.0060533625023917
PANTS_drg,1.0068416821922956
PAPPT3_drg,1.003139748247012
PAPSR_drg,1.0041536310518717
PEPTEC_drg,1.0068077718680544
PGAMT_drg,1.0051785364546497
PHETA1_drg,1.006773669112093
PMDPHT_drg,1.013826818251284
PNTK_drg,1.0028153272078906
PPCDC_drg,1.0105019173437437
PPNCL2_drg,1.0037348189109205
PPND_drg,1.0057889910138582
PPNDH_drg,1.006595372772557
PPTGS_drg,1.0027888487027246
PRAGSr_drg,1.0084457347016527
PRAIi_drg,1.00668296389222
PRAIS_drg,1.0028057300435167
PRAMPC_drg,1.0030376943512467
PRASCS_drg,1.0109460885576522
PRATPP_drg,1.003633565955191
PRFGS_drg,1.0041231488225766
PRMICIi_drg,1.0176810053868328
PSCVT_drg,1.004878301005225
PTPATi_drg,1.0033666936779024
QULNS_drg,1.0052187911178219
RBFK_drg,1.0109777090104142
RBFSa_drg,1.0035001868118434
RBFSb_drg,1.006205002984495
S7PI_drg,1.0019960555701422
SADT2_drg,1.0033480318948034
SDPDS_drg,1.0063390818426714
SDPTA_drg,1.00540597194464
SHK3Dr_drg,1.0067602704500895
SHKK_drg,1.0058790953251144
SHSL1_drg,1.0051687274478749
SPMS_drg,1.003371475804269
SULR_drg,1.0071338755992427
TDSK_drg,1.0062030796609673
THDPS_drg,1.0033022244372456
TMDS_drg,1.0032637175285957
TYRTA_drg,1.0074084130853556
U23GAAT_drg,1.004937899466656
UAAGDS_drg,1.0070744988246587
UAGAAT_drg,1.0049377953753131
UAGCVT_drg,1.0047656542431378
UAGDP_drg,1.006081315577624
UAGPT3_drg,1.0047416548274206
UAMAGS_drg,1.0047135357970634
UAMAS_drg,0.9999991522045822
UAPGR_drg,1.0056208168959404
UDCPDP_drg,1.0041608033721436
UGMDDS_drg,1.009551218554436
UHGADA_drg,1.0103390229384437
UNK3_drg,1.0055408538273425
USHD_drg,1.0056674348000239
ACt2r_drg,1.0043130949210932
ATPS4r_drg,1.0057854507885327
Cex_drg,1.004100938594005
GLYC3Pabc_drg,1.0051919871791408
GLYC3Pt6_drg,1.0034551207896734
NH3t_drg,1.0070176162445907
O2t_drg,1.0062118223120364
PIabc_drg,1.0037076674750056
PIt2r_drg,1.0024616158945343
SULabc_drg,1.007987273494455
OROTex_drg,1.0036726345091442
DCTA_drg,1.0036726345091442
