compound_id,inchi,,,,,,,
C00001,InChI=1S/H2O/h1H2,,,,,,,
C00002,"InChI=1S/C10H16N5O13P3/c11-8-5-9(13-2-12-8)15(3-14-5)10-7(17)6(16)4(26-10)1-25-30(21,22)28-31(23,24)27-29(18,19)20/h2-4,6-7,10,16-17H,1H2,(H,21,22)(H,23,24)(H2,11,12,13)(H2,18,19,20)/t4-,6-,7-,10-/m1/s1",,,,,,,
C00003,"InChI=1S/C21H27N7O14P2/c22-17-12-19(25-7-24-17)28(8-26-12)21-16(32)14(30)11(41-21)6-39-44(36,37)42-43(34,35)38-5-10-13(29)15(31)20(40-10)27-3-1-2-9(4-27)18(23)33/h1-4,7-8,10-11,13-16,20-21,29-32H,5-6H2,(H5-,22,23,24,25,33,34,35,36,37)/p+1/t10-,11-,13-,14-,15-,16-,20-,21-/m1/s1",,,,,,,
C00004,"InChI=1S/C21H29N7O14P2/c22-17-12-19(25-7-24-17)28(8-26-12)21-16(32)14(30)11(41-21)6-39-44(36,37)42-43(34,35)38-5-10-13(29)15(31)20(40-10)27-3-1-2-9(4-27)18(23)33/h1,3-4,7-8,10-11,13-16,20-21,29-32H,2,5-6H2,(H2,23,33)(H,34,35)(H,36,37)(H2,22,24,25)/t10-,11-,13-,14-,15-,16-,20-,21-/m1/s1",,,,,,,
C00005,"InChI=1S/C21H30N7O17P3/c22-17-12-19(25-7-24-17)28(8-26-12)21-16(44-46(33,34)35)14(30)11(43-21)6-41-48(38,39)45-47(36,37)40-5-10-13(29)15(31)20(42-10)27-3-1-2-9(4-27)18(23)32/h1,3-4,7-8,10-11,13-16,20-21,29-31H,2,5-6H2,(H2,23,32)(H,36,37)(H,38,39)(H2,22,24,25)(H2,33,34,35)/t10-,11-,13-,14-,15-,16-,20-,21-/m1/s1",,,,,,,
C00006,"InChI=1S/C21H28N7O17P3/c22-17-12-19(25-7-24-17)28(8-26-12)21-16(44-46(33,34)35)14(30)11(43-21)6-41-48(38,39)45-47(36,37)40-5-10-13(29)15(31)20(42-10)27-3-1-2-9(4-27)18(23)32/h1-4,7-8,10-11,13-16,20-21,29-31H,5-6H2,(H7-,22,23,24,25,32,33,34,35,36,37,38,39)/p+1/t10-,11-,13-,14-,15-,16-,20-,21-/m1/s1",,,,,,,
C00007,InChI=1S/O2/c1-2,,,,,,,
C00008,"InChI=1S/C10H15N5O10P2/c11-8-5-9(13-2-12-8)15(3-14-5)10-7(17)6(16)4(24-10)1-23-27(21,22)25-26(18,19)20/h2-4,6-7,10,16-17H,1H2,(H,21,22)(H2,11,12,13)(H2,18,19,20)/t4-,6-,7-,10-/m1/s1",,,,,,,
C00009,"InChI=1S/H3O4P/c1-5(2,3)4/h(H3,1,2,3,4)",,,,,,,
C00010,"InChI=1S/C21H36N7O16P3S/c1-21(2,16(31)19(32)24-4-3-12(29)23-5-6-48)8-41-47(38,39)44-46(36,37)40-7-11-15(43-45(33,34)35)14(30)20(42-11)28-10-27-13-17(22)25-9-26-18(13)28/h9-11,14-16,20,30-31,48H,3-8H2,1-2H3,(H,23,29)(H,24,32)(H,36,37)(H,38,39)(H2,22,25,26)(H2,33,34,35)/t11-,14-,15-,16?,20-/m1/s1",,,,,,,
C00011,InChI=1S/CO2/c2-1-3,,,,,,,
C00013,"InChI=1S/H4O7P2/c1-8(2,3)7-9(4,5)6/h(H2,1,2,3)(H2,4,5,6)",,,,,,,
C00014,InChI=1S/H3N/h1H3,,,,,,,
C00015,"InChI=1S/C9H14N2O12P2/c12-5-1-2-11(9(15)10-5)8-7(14)6(13)4(22-8)3-21-25(19,20)23-24(16,17)18/h1-2,4,6-8,13-14H,3H2,(H,19,20)(H,10,12,15)(H2,16,17,18)/t4-,6-,7-,8-/m1/s1",,,,,,,
C00016,"InChI=1S/C27H33N9O15P2/c1-10-3-12-13(4-11(10)2)35(24-18(32-12)25(42)34-27(43)33-24)5-14(37)19(39)15(38)6-48-52(44,45)51-53(46,47)49-7-16-20(40)21(41)26(50-16)36-9-31-17-22(28)29-8-30-23(17)36/h3-4,8-9,14-16,19-21,26,37-41H,5-7H2,1-2H3,(H,44,45)(H,46,47)(H2,28,29,30)(H,34,42,43)/t14-,15+,16+,19-,20+,21+,26+/m0/s1",,,,,,,
C00018,"InChI=1S/C8H10NO6P/c1-5-8(11)7(3-10)6(2-9-5)4-15-16(12,13)14/h2-3,11H,4H2,1H3,(H2,12,13,14)",,,,,,,
C00019,"InChI=1S/C15H22N6O5S/c1-27(3-2-7(16)15(24)25)4-8-10(22)11(23)14(26-8)21-6-20-9-12(17)18-5-19-13(9)21/h5-8,10-11,14,22-23H,2-4,16H2,1H3,(H2-,17,18,19,24,25)/t7-,8+,10+,11+,14+,27-/m0/s1",,,,,,,
C00020,"InChI=1S/C10H14N5O7P/c11-8-5-9(13-2-12-8)15(3-14-5)10-7(17)6(16)4(22-10)1-21-23(18,19)20/h2-4,6-7,10,16-17H,1H2,(H2,11,12,13)(H2,18,19,20)/t4-,6-,7-,10-/m1/s1",,,,,,,
C00021,"InChI=1S/C14H20N6O5S/c15-6(14(23)24)1-2-26-3-7-9(21)10(22)13(25-7)20-5-19-8-11(16)17-4-18-12(8)20/h4-7,9-10,13,21-22H,1-3,15H2,(H,23,24)(H2,16,17,18)/t6-,7+,9+,10+,13+/m0/s1",,,,,,,
C00022,"InChI=1S/C3H4O3/c1-2(4)3(5)6/h1H3,(H,5,6)",,,,,,,
C00024,"InChI=1S/C23H38N7O17P3S/c1-12(31)51-7-6-25-14(32)4-5-26-21(35)18(34)23(2,3)9-44-50(41,42)47-49(39,40)43-8-13-17(46-48(36,37)38)16(33)22(45-13)30-11-29-15-19(24)27-10-28-20(15)30/h10-11,13,16-18,22,33-34H,4-9H2,1-3H3,(H,25,32)(H,26,35)(H,39,40)(H,41,42)(H2,24,27,28)(H2,36,37,38)/t13-,16-,17-,18?,22-/m1/s1",,,,,,,
C00025,"InChI=1S/C5H9NO4/c6-3(5(9)10)1-2-4(7)8/h3H,1-2,6H2,(H,7,8)(H,9,10)/t3-/m0/s1",,,,,,,
C00026,"InChI=1S/C5H6O5/c6-3(5(9)10)1-2-4(7)8/h1-2H2,(H,7,8)(H,9,10)",,,,,,,
C00027,InChI=1S/H2O2/c1-2/h1-2H,,,,,,,
C00029,"InChI=1S/C15H24N2O17P2/c18-3-5-8(20)10(22)12(24)14(32-5)33-36(28,29)34-35(26,27)30-4-6-9(21)11(23)13(31-6)17-2-1-7(19)16-15(17)25/h1-2,5-6,8-14,18,20-24H,3-4H2,(H,26,27)(H,28,29)(H,16,19,25)/t5-,6-,8-,9-,10+,11-,12-,13-,14-/m1/s1",,,,,,,
C00031,"InChI=1S/C6H12O6/c7-1-2-3(8)4(9)5(10)6(11)12-2/h2-11H,1H2/t2-,3-,4+,5-,6?/m1/s1",,,,,,,
C00032,"InChI=1S/C34H34N4O4.Fe/c1-7-21-17(3)25-13-26-19(5)23(9-11-33(39)40)31(37-26)16-32-24(10-12-34(41)42)20(6)28(38-32)15-30-22(8-2)18(4)27(36-30)14-29(21)35-25;/h7-8,13-16H,1-2,9-12H2,3-6H3,(H4,35,36,37,38,39,40,41,42);/q;+2/p-2/b25-13-,26-13-,27-14-,28-15-,29-14-,30-15-,31-16-,32-16-;",,,,,,,
C00033,"InChI=1S/C2H4O2/c1-2(3)4/h1H3,(H,3,4)",,,,,,,
C00035,"InChI=1S/C10H15N5O11P2/c11-10-13-7-4(8(18)14-10)12-2-15(7)9-6(17)5(16)3(25-9)1-24-28(22,23)26-27(19,20)21/h2-3,5-6,9,16-17H,1H2,(H,22,23)(H2,19,20,21)(H3,11,13,14,18)/t3-,5-,6-,9-/m1/s1",,,,,,,
C00036,"InChI=1S/C4H4O5/c5-2(4(8)9)1-3(6)7/h1H2,(H,6,7)(H,8,9)",,,,,,,
C00037,"InChI=1S/C2H5NO2/c3-1-2(4)5/h1,3H2,(H,4,5)",,,,,,,
C00041,"InChI=1S/C3H7NO2/c1-2(4)3(5)6/h2H,4H2,1H3,(H,5,6)/t2-/m0/s1",,,,,,,
C00042,"InChI=1S/C4H6O4/c5-3(6)1-2-4(7)8/h1-2H2,(H,5,6)(H,7,8)",,,,,,,
C00043,"InChI=1S/C17H27N3O17P2/c1-6(22)18-10-13(26)11(24)7(4-21)35-16(10)36-39(31,32)37-38(29,30)33-5-8-12(25)14(27)15(34-8)20-3-2-9(23)19-17(20)28/h2-3,7-8,10-16,21,24-27H,4-5H2,1H3,(H,18,22)(H,29,30)(H,31,32)(H,19,23,28)/t7-,8-,10-,11-,12-,13-,14-,15-,16-/m1/s1",,,,,,,
C00044,"InChI=1S/C10H16N5O14P3/c11-10-13-7-4(8(18)14-10)12-2-15(7)9-6(17)5(16)3(27-9)1-26-31(22,23)29-32(24,25)28-30(19,20)21/h2-3,5-6,9,16-17H,1H2,(H,22,23)(H,24,25)(H2,19,20,21)(H3,11,13,14,18)/t3-,5-,6-,9-/m1/s1",,,,,,,
C00047,"InChI=1S/C6H14N2O2/c7-4-2-1-3-5(8)6(9)10/h5H,1-4,7-8H2,(H,9,10)/t5-/m0/s1",,,,,,,
C00048,"InChI=1S/C2H2O3/c3-1-2(4)5/h1H,(H,4,5)",,,,,,,
C00049,"InChI=1S/C4H7NO4/c5-2(4(8)9)1-3(6)7/h2H,1,5H2,(H,6,7)(H,8,9)/t2-/m0/s1",,,,,,,
C00051,"InChI=1S/C10H17N3O6S/c11-5(10(18)19)1-2-7(14)13-6(4-20)9(17)12-3-8(15)16/h5-6,20H,1-4,11H2,(H,12,17)(H,13,14)(H,15,16)(H,18,19)/t5-,6-/m0/s1",,,,,,,
C00052,"InChI=1S/C15H24N2O17P2/c18-3-5-8(20)10(22)12(24)14(32-5)33-36(28,29)34-35(26,27)30-4-6-9(21)11(23)13(31-6)17-2-1-7(19)16-15(17)25/h1-2,5-6,8-14,18,20-24H,3-4H2,(H,26,27)(H,28,29)(H,16,19,25)/t5-,6-,8+,9-,10+,11-,12-,13?,14-/m1/s1",,,,,,,
C00053,"InChI=1S/C10H15N5O13P2S/c11-8-5-9(13-2-12-8)15(3-14-5)10-6(16)7(27-29(17,18)19)4(26-10)1-25-30(20,21)28-31(22,23)24/h2-4,6-7,10,16H,1H2,(H,20,21)(H2,11,12,13)(H2,17,18,19)(H,22,23,24)/t4-,6-,7-,10-/m1/s1",,,,,,,
C00054,"InChI=1S/C10H15N5O10P2/c11-8-5-9(13-2-12-8)15(3-14-5)10-6(16)7(25-27(20,21)22)4(24-10)1-23-26(17,18)19/h2-4,6-7,10,16H,1H2,(H2,11,12,13)(H2,17,18,19)(H2,20,21,22)/t4-,6-,7-,10-/m1/s1",,,,,,,
C00055,"InChI=1S/C9H14N3O8P/c10-5-1-2-12(9(15)11-5)8-7(14)6(13)4(20-8)3-19-21(16,17)18/h1-2,4,6-8,13-14H,3H2,(H2,10,11,15)(H2,16,17,18)/t4-,6-,7-,8-/m1/s1",,,,,,,
C00058,"InChI=1S/CH2O2/c2-1-3/h1H,(H,2,3)",,,,,,,
C00059,"InChI=1S/H2O4S/c1-5(2,3)4/h(H2,1,2,3,4)",,,,,,,
C00061,"InChI=1S/C17H21N4O9P/c1-7-3-9-10(4-8(7)2)21(15-13(18-9)16(25)20-17(26)19-15)5-11(22)14(24)12(23)6-30-31(27,28)29/h3-4,11-12,14,22-24H,5-6H2,1-2H3,(H,20,25,26)(H2,27,28,29)/t11-,12+,14-/m0/s1",,,,,,,
C00062,"InChI=1S/C6H14N4O2/c7-4(5(11)12)2-1-3-10-6(8)9/h4H,1-3,7H2,(H,11,12)(H4,8,9,10)/t4-/m0/s1",,,,,,,
C00063,"InChI=1S/C9H16N3O14P3/c10-5-1-2-12(9(15)11-5)8-7(14)6(13)4(24-8)3-23-28(19,20)26-29(21,22)25-27(16,17)18/h1-2,4,6-8,13-14H,3H2,(H,19,20)(H,21,22)(H2,10,11,15)(H2,16,17,18)/t4-,6-,7-,8-/m1/s1",,,,,,,
C00064,"InChI=1S/C5H10N2O3/c6-3(5(9)10)1-2-4(7)8/h3H,1-2,6H2,(H2,7,8)(H,9,10)/t3-/m0/s1",,,,,,,
C00065,"InChI=1S/C3H7NO3/c4-2(1-5)3(6)7/h2,5H,1,4H2,(H,6,7)/t2-/m0/s1",,,,,,,
C00068,"InChI=1S/C12H18N4O7P2S/c1-8-11(3-4-22-25(20,21)23-24(17,18)19)26-7-16(8)6-10-5-14-9(2)15-12(10)13/h5,7H,3-4,6H2,1-2H3,(H4-,13,14,15,17,18,19,20,21)/p+1",,,,,,,
C00073,"InChI=1S/C5H11NO2S/c1-9-3-2-4(6)5(7)8/h4H,2-3,6H2,1H3,(H,7,8)/t4-/m0/s1",,,,,,,
C00074,"InChI=1S/C3H5O6P/c1-2(3(4)5)9-10(6,7)8/h1H2,(H,4,5)(H2,6,7,8)",,,,,,,
C00075,"InChI=1S/C9H15N2O15P3/c12-5-1-2-11(9(15)10-5)8-7(14)6(13)4(24-8)3-23-28(19,20)26-29(21,22)25-27(16,17)18/h1-2,4,6-8,13-14H,3H2,(H,19,20)(H,21,22)(H,10,12,15)(H2,16,17,18)/t4-,6-,7-,8-/m1/s1",,,,,,,
C00078,"InChI=1S/C11H12N2O2/c12-9(11(14)15)5-7-6-13-10-4-2-1-3-8(7)10/h1-4,6,9,13H,5,12H2,(H,14,15)/t9-/m0/s1",,,,,,,
C00079,"InChI=1S/C9H11NO2/c10-8(9(11)12)6-7-4-2-1-3-5-7/h1-5,8H,6,10H2,(H,11,12)/t8-/m0/s1",,,,,,,
C00080,InChI=1S/p+1,,,,,,,
C00081,"InChI=1S/C10H15N4O14P3/c15-6-4(1-25-30(21,22)28-31(23,24)27-29(18,19)20)26-10(7(6)16)14-3-13-5-8(14)11-2-12-9(5)17/h2-4,6-7,10,15-16H,1H2,(H,21,22)(H,23,24)(H,11,12,17)(H2,18,19,20)/t4-,6-,7-,10-/m1/s1",,,,,,,
C00082,"InChI=1S/C9H11NO3/c10-8(9(12)13)5-6-1-3-7(11)4-2-6/h1-4,8,11H,5,10H2,(H,12,13)/t8-/m0/s1",,,,,,,
C00083,"InChI=1S/C24H38N7O19P3S/c1-24(2,19(37)22(38)27-4-3-13(32)26-5-6-54-15(35)7-14(33)34)9-47-53(44,45)50-52(42,43)46-8-12-18(49-51(39,40)41)17(36)23(48-12)31-11-30-16-20(25)28-10-29-21(16)31/h10-12,17-19,23,36-37H,3-9H2,1-2H3,(H,26,32)(H,27,38)(H,33,34)(H,42,43)(H,44,45)(H2,25,28,29)(H2,39,40,41)/t12-,17-,18-,19?,23-/m1/s1",,,,,,,
C00084,"InChI=1S/C2H4O/c1-2-3/h2H,1H3",,,,,,,
C00085,"InChI=1S/C6H13O9P/c7-2-6(10)5(9)4(8)3(15-6)1-14-16(11,12)13/h3-5,7-10H,1-2H2,(H2,11,12,13)/t3-,4-,5+,6?/m1/s1",,,,,,,
C00086,"InChI=1S/CH4N2O/c2-1(3)4/h(H4,2,3,4)",,,,,,,
C00088,"InChI=1S/HNO2/c2-1-3/h(H,2,3)",,,,,,,
C00089,"InChI=1S/C12H22O11/c13-1-4-6(16)8(18)9(19)11(21-4)23-12(3-15)10(20)7(17)5(2-14)22-12/h4-11,13-20H,1-3H2/t4-,5-,6-,7-,8+,9-,10+,11-,12+/m1/s1",,,,,,,
C00091,"InChI=1S/C25H40N7O19P3S/c1-25(2,20(38)23(39)28-6-5-14(33)27-7-8-55-16(36)4-3-15(34)35)10-48-54(45,46)51-53(43,44)47-9-13-19(50-52(40,41)42)18(37)24(49-13)32-12-31-17-21(26)29-11-30-22(17)32/h11-13,18-20,24,37-38H,3-10H2,1-2H3,(H,27,33)(H,28,39)(H,34,35)(H,43,44)(H,45,46)(H2,26,29,30)(H2,40,41,42)/t13-,18-,19-,20?,24-/m1/s1",,,,,,,
C00092,"InChI=1S/C6H13O9P/c7-3-2(1-14-16(11,12)13)15-6(10)5(9)4(3)8/h2-10H,1H2,(H2,11,12,13)/t2-,3-,4+,5-,6?/m1/s1",,,,,,,
C00093,"InChI=1S/C3H9O6P/c4-1-3(5)2-9-10(6,7)8/h3-5H,1-2H2,(H2,6,7,8)/t3-/m1/s1",,,,,,,
C00094,"InChI=1S/H2O3S/c1-4(2)3/h(H2,1,2,3)",,,,,,,
C00095,"InChI=1S/C6H12O6/c7-1-3-4(9)5(10)6(11,2-8)12-3/h3-5,7-11H,1-2H2/t3-,4-,5+,6?/m1/s1",,,,,,,
C00096,"InChI=1S/C16H25N5O16P2/c17-16-19-12-6(13(28)20-16)18-3-21(12)14-10(26)8(24)5(34-14)2-33-38(29,30)37-39(31,32)36-15-11(27)9(25)7(23)4(1-22)35-15/h3-5,7-11,14-15,22-27H,1-2H2,(H,29,30)(H,31,32)(H3,17,19,20,28)/t4-,5-,7-,8-,9+,10-,11+,14-,15-/m1/s1",,,,,,,
C00097,"InChI=1S/C3H7NO2S/c4-2(1-7)3(5)6/h2,7H,1,4H2,(H,5,6)/t2-/m0/s1",,,,,,,
C00099,"InChI=1S/C3H7NO2/c4-2-1-3(5)6/h1-2,4H2,(H,5,6)",,,,,,,
C00100,"InChI=1S/C24H40N7O17P3S/c1-4-15(33)52-8-7-26-14(32)5-6-27-22(36)19(35)24(2,3)10-45-51(42,43)48-50(40,41)44-9-13-18(47-49(37,38)39)17(34)23(46-13)31-12-30-16-20(25)28-11-29-21(16)31/h11-13,17-19,23,34-35H,4-10H2,1-3H3,(H,26,32)(H,27,36)(H,40,41)(H,42,43)(H2,25,28,29)(H2,37,38,39)/t13-,17-,18-,19?,23-/m1/s1",,,,,,,
C00101,"InChI=1S/C19H23N7O6/c20-19-25-15-14(17(30)26-19)23-11(8-22-15)7-21-10-3-1-9(2-4-10)16(29)24-12(18(31)32)5-6-13(27)28/h1-4,11-12,21,23H,5-8H2,(H,24,29)(H,27,28)(H,31,32)(H4,20,22,25,26,30)/t11?,12-/m0/s1",,,,,,,
C00103,"InChI=1S/C6H13O9P/c7-1-2-3(8)4(9)5(10)6(14-2)15-16(11,12)13/h2-10H,1H2,(H2,11,12,13)/t2-,3-,4+,5-,6-/m1/s1",,,,,,,
C00104,"InChI=1S/C10H14N4O11P2/c15-6-4(1-23-27(21,22)25-26(18,19)20)24-10(7(6)16)14-3-13-5-8(14)11-2-12-9(5)17/h2-4,6-7,10,15-16H,1H2,(H,21,22)(H,11,12,17)(H2,18,19,20)/t4-,6-,7-,10-/m1/s1",,,,,,,
C00105,"InChI=1S/C9H13N2O9P/c12-5-1-2-11(9(15)10-5)8-7(14)6(13)4(20-8)3-19-21(16,17)18/h1-2,4,6-8,13-14H,3H2,(H,10,12,15)(H2,16,17,18)/t4-,6-,7-,8-/m1/s1",,,,,,,
C00106,"InChI=1S/C4H4N2O2/c7-3-1-2-5-4(8)6-3/h1-2H,(H2,5,6,7,8)",,,,,,,
C00108,"InChI=1S/C7H7NO2/c8-6-4-2-1-3-5(6)7(9)10/h1-4H,8H2,(H,9,10)",,,,,,,
C00109,"InChI=1S/C4H6O3/c1-2-3(5)4(6)7/h2H2,1H3,(H,6,7)",,,,,,,
C00111,"InChI=1S/C3H7O6P/c4-1-3(5)2-9-10(6,7)8/h4H,1-2H2,(H2,6,7,8)",,,,,,,
C00112,"InChI=1S/C9H15N3O11P2/c10-5-1-2-12(9(15)11-5)8-7(14)6(13)4(22-8)3-21-25(19,20)23-24(16,17)18/h1-2,4,6-8,13-14H,3H2,(H,19,20)(H2,10,11,15)(H2,16,17,18)/t4-,6-,7-,8-/m1/s1",,,,,,,
C00114,"InChI=1S/C5H14NO/c1-6(2,3)4-5-7/h7H,4-5H2,1-3H3/q+1",,,,,,,
C00116,"InChI=1S/C3H8O3/c4-1-3(6)2-5/h3-6H,1-2H2",,,,,,,
C00117,"InChI=1S/C5H11O8P/c6-3-2(1-12-14(9,10)11)13-5(8)4(3)7/h2-8H,1H2,(H2,9,10,11)/t2-,3-,4-,5?/m1/s1",,,,,,,
C00119,"InChI=1S/C5H13O14P3/c6-3-2(1-16-20(8,9)10)17-5(4(3)7)18-22(14,15)19-21(11,12)13/h2-7H,1H2,(H,14,15)(H2,8,9,10)(H2,11,12,13)/t2-,3-,4-,5-/m1/s1",,,,,,,
C00120,"InChI=1S/C10H16N2O3S/c13-8(14)4-2-1-3-7-9-6(5-16-7)11-10(15)12-9/h6-7,9H,1-5H2,(H,13,14)(H2,11,12,15)/t6-,7-,9-/m0/s1",,,,,,,
C00121,"InChI=1S/C5H10O5/c6-1-2-3(7)4(8)5(9)10-2/h2-9H,1H2/t2-,3-,4-,5?/m1/s1",,,,,,,
C00122,"InChI=1S/C4H4O4/c5-3(6)1-2-4(7)8/h1-2H,(H,5,6)(H,7,8)/b2-1+",,,,,,,
C00123,"InChI=1S/C6H13NO2/c1-4(2)3-5(7)6(8)9/h4-5H,3,7H2,1-2H3,(H,8,9)/t5-/m0/s1",,,,,,,
C00124,"InChI=1S/C6H12O6/c7-1-2-3(8)4(9)5(10)6(11)12-2/h2-11H,1H2/t2-,3+,4+,5-,6?/m1/s1",,,,,,,
C00127,"InChI=1S/C20H32N6O12S2/c21-9(19(35)36)1-3-13(27)25-11(17(33)23-5-15(29)30)7-39-40-8-12(18(34)24-6-16(31)32)26-14(28)4-2-10(22)20(37)38/h9-12H,1-8,21-22H2,(H,23,33)(H,24,34)(H,25,27)(H,26,28)(H,29,30)(H,31,32)(H,35,36)(H,37,38)/t9-,10-,11-,12-/m0/s1",,,,,,,
C00129,"InChI=1S/C5H12O7P2/c1-5(2)3-4-11-14(9,10)12-13(6,7)8/h1,3-4H2,2H3,(H,9,10)(H2,6,7,8)",,,,,,,
C00130,"InChI=1S/C10H13N4O8P/c15-6-4(1-21-23(18,19)20)22-10(7(6)16)14-3-13-5-8(14)11-2-12-9(5)17/h2-4,6-7,10,15-16H,1H2,(H,11,12,17)(H2,18,19,20)/t4-,6-,7-,10-/m1/s1",,,,,,,
C00131,"InChI=1S/C10H16N5O12P3/c11-9-8-10(13-3-12-9)15(4-14-8)7-1-5(16)6(25-7)2-24-29(20,21)27-30(22,23)26-28(17,18)19/h3-7,16H,1-2H2,(H,20,21)(H,22,23)(H2,11,12,13)(H2,17,18,19)/t5-,6+,7+/m0/s1",,,,,,,
C00133,"InChI=1S/C3H7NO2/c1-2(4)3(5)6/h2H,4H2,1H3,(H,5,6)/t2-/m1/s1",,,,,,,
C00134,InChI=1S/C4H12N2/c5-3-1-2-4-6/h1-6H2,,,,,,,
C00135,"InChI=1S/C6H9N3O2/c7-5(6(10)11)1-4-2-8-3-9-4/h2-3,5H,1,7H2,(H,8,9)(H,10,11)/t5-/m0/s1",,,,,,,
C00136,"InChI=1S/C25H42N7O17P3S/c1-4-5-16(34)53-9-8-27-15(33)6-7-28-23(37)20(36)25(2,3)11-46-52(43,44)49-51(41,42)45-10-14-19(48-50(38,39)40)18(35)24(47-14)32-13-31-17-21(26)29-12-30-22(17)32/h12-14,18-20,24,35-36H,4-11H2,1-3H3,(H,27,33)(H,28,37)(H,41,42)(H,43,44)(H2,26,29,30)(H2,38,39,40)/t14-,18-,19-,20?,24-/m1/s1",,,,,,,
C00137,"InChI=1S/C6H12O6/c7-1-2(8)4(10)6(12)5(11)3(1)9/h1-12H/t1-,2-,3-,4+,5-,6-",,,,,,,
C00140,"InChI=1S/C8H15NO6/c1-3(11)9-5-7(13)6(12)4(2-10)15-8(5)14/h4-8,10,12-14H,2H2,1H3,(H,9,11)/t4-,5-,6-,7-,8?/m1/s1",,,,,,,
C00141,"InChI=1S/C5H8O3/c1-3(2)4(6)5(7)8/h3H,1-2H3,(H,7,8)",,,,,,,
C00143,"InChI=1S/C20H23N7O6/c21-20-24-16-15(18(31)25-20)27-9-26(8-12(27)7-22-16)11-3-1-10(2-4-11)17(30)23-13(19(32)33)5-6-14(28)29/h1-4,12-13H,5-9H2,(H,23,30)(H,28,29)(H,32,33)(H4,21,22,24,25,31)/t12-,13?/m1/s1",,,,,,,
C00144,"InChI=1S/C10H14N5O8P/c11-10-13-7-4(8(18)14-10)12-2-15(7)9-6(17)5(16)3(23-9)1-22-24(19,20)21/h2-3,5-6,9,16-17H,1H2,(H2,19,20,21)(H3,11,13,14,18)/t3-,5-,6-,9-/m1/s1",,,,,,,
C00147,"InChI=1S/C5H5N5/c6-4-3-5(9-1-7-3)10-2-8-4/h1-2H,(H3,6,7,8,9,10)",,,,,,,
C00148,"InChI=1S/C5H9NO2/c7-5(8)4-2-1-3-6-4/h4,6H,1-3H2,(H,7,8)/t4-/m0/s1",,,,,,,
C00149,"InChI=1S/C4H6O5/c5-2(4(8)9)1-3(6)7/h2,5H,1H2,(H,6,7)(H,8,9)/t2-/m0/s1",,,,,,,
C00152,"InChI=1S/C4H8N2O3/c5-2(4(8)9)1-3(6)7/h2H,1,5H2,(H2,6,7)(H,8,9)/t2-/m0/s1",,,,,,,
C00153,"InChI=1S/C6H6N2O/c7-6(9)5-2-1-3-8-4-5/h1-4H,(H2,7,9)",,,,,,,
C00155,"InChI=1S/C4H9NO2S/c5-3(1-2-8)4(6)7/h3,8H,1-2,5H2,(H,6,7)/t3-/m0/s1",,,,,,,
C00156,"InChI=1S/C7H6O3/c8-6-3-1-5(2-4-6)7(9)10/h1-4,8H,(H,9,10)",,,,,,,
C00158,"InChI=1S/C6H8O7/c7-3(8)1-6(13,5(11)12)2-4(9)10/h13H,1-2H2,(H,7,8)(H,9,10)(H,11,12)",,,,,,,
C00159,"InChI=1S/C6H12O6/c7-1-2-3(8)4(9)5(10)6(11)12-2/h2-11H,1H2/t2-,3-,4+,5+,6?/m1/s1",,,,,,,
C00160,"InChI=1S/C2H4O3/c3-1-2(4)5/h3H,1H2,(H,4,5)",,,,,,,
C00163,"InChI=1S/C3H6O2/c1-2-3(4)5/h2H2,1H3,(H,4,5)",,,,,,,
C00164,"InChI=1S/C4H6O3/c1-3(5)2-4(6)7/h2H2,1H3,(H,6,7)",,,,,,,
C00166,"InChI=1S/C9H8O3/c10-8(9(11)12)6-7-4-2-1-3-5-7/h1-5H,6H2,(H,11,12)",,,,,,,
C00167,"InChI=1S/C15H22N2O18P2/c18-5-1-2-17(15(26)16-5)12-9(22)6(19)4(32-12)3-31-36(27,28)35-37(29,30)34-14-10(23)7(20)8(21)11(33-14)13(24)25/h1-2,4,6-12,14,19-23H,3H2,(H,24,25)(H,27,28)(H,29,30)(H,16,18,26)/t4-,6-,7+,8+,9-,10-,11+,12-,14-/m1/s1",,,,,,,
C00168,"InChI=1S/C3H4O4/c4-1-2(5)3(6)7/h4H,1H2,(H,6,7)",,,,,,,
C00169,"InChI=1S/CH4NO5P/c2-1(3)7-8(4,5)6/h(H2,2,3)(H2,4,5,6)",,,,,,,
C00170,"InChI=1S/C11H15N5O3S/c1-20-2-5-7(17)8(18)11(19-5)16-4-15-6-9(12)13-3-14-10(6)16/h3-5,7-8,11,17-18H,2H2,1H3,(H2,12,13,14)/t5-,7-,8-,11-/m1/s1",,,,,,,
C00178,"InChI=1S/C5H6N2O2/c1-3-2-6-5(9)7-4(3)8/h2H,1H3,(H2,6,7,8,9)",,,,,,,
C00179,"InChI=1S/C5H14N4/c6-3-1-2-4-9-5(7)8/h1-4,6H2,(H4,7,8,9)",,,,,,,
C00181,"InChI=1S/C5H10O5/c6-2-1-10-5(9)4(8)3(2)7/h2-9H,1H2/t2-,3+,4-,5?/m1/s1",,,,,,,
C00182,"InChI=1S/C24H42O21/c25-1-5-9(28)11(30)16(35)22(41-5)39-4-8-20(45-23-17(36)12(31)10(29)6(2-26)42-23)14(33)18(37)24(43-8)44-19-7(3-27)40-21(38)15(34)13(19)32/h5-38H,1-4H2/t5-,6-,7-,8-,9-,10-,11+,12+,13-,14-,15-,16-,17-,18-,19-,20-,21+,22+,23-,24-/m1/s1",,,,,,,
C00183,"InChI=1S/C5H11NO2/c1-3(2)4(6)5(7)8/h3-4H,6H2,1-2H3,(H,7,8)/t4-/m0/s1",,,,,,,
C00184,"InChI=1S/C3H6O3/c4-1-3(6)2-5/h4-5H,1-2H2",,,,,,,
C00186,"InChI=1S/C3H6O3/c1-2(4)3(5)6/h2,4H,1H3,(H,5,6)/t2-/m0/s1",,,,,,,
C00188,"InChI=1S/C4H9NO3/c1-2(6)3(5)4(7)8/h2-3,6H,5H2,1H3,(H,7,8)/t2-,3+/m1/s1",,,,,,,
C00189,"InChI=1S/C2H7NO/c3-1-2-4/h4H,1-3H2",,,,,,,
C00191,"InChI=1S/C6H10O7/c7-1-2(8)4(5(10)11)13-6(12)3(1)9/h1-4,6-9,12H,(H,10,11)/t1-,2-,3+,4-,6?/m0/s1",,,,,,,
C00194,"InChI=1S/C62H90N13O14P.C10H12N5O3.Co/c1-29-20-39-40(21-30(29)2)75(28-70-39)57-52(84)53(41(27-76)87-57)89-90(85,86)88-31(3)26-69-49(83)18-19-59(8)37(22-46(66)80)56-62(11)61(10,25-48(68)82)36(14-17-45(65)79)51(74-62)33(5)55-60(9,24-47(67)81)34(12-15-43(63)77)38(71-55)23-42-58(6,7)35(13-16-44(64)78)50(72-42)32(4)54(59)73-56;1-4-6(16)7(17)10(18-4)15-3-14-5-8(11)12-2-13-9(5)15;/h20-21,23,28,31,34-37,41,52-53,56-57,76,84H,12-19,22,24-27H2,1-11H3,(H15,63,64,65,66,67,68,69,71,72,73,74,77,78,79,80,81,82,83,85,86);2-4,6-7,10,16-17H,1H2,(H2,11,12,13);/q;;+2/p-2/t31-,34-,35-,36-,37+,41-,52?,53-,56?,57+,59-,60+,61+,62+;4-,6-,7-,10-;/m11./s1",,,,,,,
C00196,"InChI=1S/C7H6O4/c8-5-3-1-2-4(6(5)9)7(10)11/h1-3,8-9H,(H,10,11)",,,,,,,
C00197,"InChI=1S/C3H7O7P/c4-2(3(5)6)1-10-11(7,8)9/h2,4H,1H2,(H,5,6)(H2,7,8,9)/t2-/m1/s1",,,,,,,
C00199,"InChI=1S/C5H11O8P/c6-1-3(7)5(9)4(8)2-13-14(10,11)12/h4-6,8-9H,1-2H2,(H2,10,11,12)/t4-,5+/m1/s1",,,,,,,
C00204,"InChI=1S/C6H10O6/c7-2-5(10)3(8)1-4(9)6(11)12/h3,5,7-8,10H,1-2H2,(H,11,12)/t3-,5+/m0/s1",,,,,,,
C00206,"InChI=1S/C10H15N5O9P2/c11-9-8-10(13-3-12-9)15(4-14-8)7-1-5(16)6(23-7)2-22-26(20,21)24-25(17,18)19/h3-7,16H,1-2H2,(H,20,21)(H2,11,12,13)(H2,17,18,19)/t5-,6+,7+/m0/s1",,,,,,,
C00208,"InChI=1S/C12H22O11/c13-1-3-5(15)6(16)9(19)12(22-3)23-10-4(2-14)21-11(20)8(18)7(10)17/h3-20H,1-2H2/t3-,4-,5-,6+,7-,8-,9-,10-,11?,12-/m1/s1",,,,,,,
C00212,"InChI=1S/C10H13N5O4/c11-8-5-9(13-2-12-8)15(3-14-5)10-7(18)6(17)4(1-16)19-10/h2-4,6-7,10,16-18H,1H2,(H2,11,12,13)/t4-,6-,7-,10-/m1/s1",,,,,,,
C00214,"InChI=1S/C10H14N2O5/c1-5-3-12(10(16)11-9(5)15)8-2-6(14)7(4-13)17-8/h3,6-8,13-14H,2,4H2,1H3,(H,11,15,16)/t6-,7+,8+/m0/s1",,,,,,,
C00217,"InChI=1S/C5H9NO4/c6-3(5(9)10)1-2-4(7)8/h3H,1-2,6H2,(H,7,8)(H,9,10)/t3-/m1/s1",,,,,,,
C00224,"InChI=1S/C10H14N5O10PS/c11-8-5-9(13-2-12-8)15(3-14-5)10-7(17)6(16)4(24-10)1-23-26(18,19)25-27(20,21)22/h2-4,6-7,10,16-17H,1H2,(H,18,19)(H2,11,12,13)(H,20,21,22)/t4-,6-,7-,10-/m1/s1",,,,,,,
C00227,"InChI=1S/C2H5O5P/c1-2(3)7-8(4,5)6/h1H3,(H2,4,5,6)",,,,,,,
C00231,"InChI=1S/C5H11O8P/c6-1-3(7)5(9)4(8)2-13-14(10,11)12/h4-6,8-9H,1-2H2,(H2,10,11,12)/t4-,5-/m1/s1",,,,,,,
C00232,"InChI=1S/C4H6O3/c5-3-1-2-4(6)7/h3H,1-2H2,(H,6,7)",,,,,,,
C00233,"InChI=1S/C6H10O3/c1-4(2)3-5(7)6(8)9/h4H,3H2,1-2H3,(H,8,9)",,,,,,,
C00234,"InChI=1S/C20H23N7O7/c21-20-25-16-15(18(32)26-20)23-11(7-22-16)8-27(9-28)12-3-1-10(2-4-12)17(31)24-13(19(33)34)5-6-14(29)30/h1-4,9,11,13,23H,5-8H2,(H,24,31)(H,29,30)(H,33,34)(H4,21,22,25,26,32)/t11?,13-/m0/s1",,,,,,,
C00235,"InChI=1S/C5H12O7P2/c1-5(2)3-4-11-14(9,10)12-13(6,7)8/h3H,4H2,1-2H3,(H,9,10)(H2,6,7,8)",,,,,,,
C00236,"InChI=1S/C3H8O10P2/c4-2(1-12-14(6,7)8)3(5)13-15(9,10)11/h2,4H,1H2,(H2,6,7,8)(H2,9,10,11)/t2-/m1/s1",,,,,,,
C00238,InChI=1S/K/q+1,,,,,,,
C00239,"InChI=1S/C9H14N3O7P/c10-7-1-2-12(9(14)11-7)8-3-5(13)6(19-8)4-18-20(15,16)17/h1-2,5-6,8,13H,3-4H2,(H2,10,11,14)(H2,15,16,17)/t5-,6+,8+/m0/s1",,,,,,,
C00242,"InChI=1S/C5H5N5O/c6-5-9-3-2(4(11)10-5)7-1-8-3/h1H,(H4,6,7,8,9,10,11)",,,,,,,
C00243,"InChI=1S/C12H22O11/c13-1-3-5(15)6(16)9(19)12(22-3)23-10-4(2-14)21-11(20)8(18)7(10)17/h3-20H,1-2H2/t3-,4-,5+,6+,7-,8-,9-,10?,11?,12?/m1/s1",,,,,,,
C00244,"InChI=1S/HNO3/c2-1(3)4/h(H,2,3,4)",,,,,,,
C00245,"InChI=1S/C2H7NO3S/c3-1-2-7(4,5)6/h1-3H2,(H,4,5,6)",,,,,,,
C00246,"InChI=1S/C4H8O2/c1-2-3-4(5)6/h2-3H2,1H3,(H,5,6)",,,,,,,
C00249,"InChI=1S/C16H32O2/c1-2-3-4-5-6-7-8-9-10-11-12-13-14-15-16(17)18/h2-15H2,1H3,(H,17,18)",,,,,,,
C00250,"InChI=1S/C8H9NO3/c1-5-8(12)7(4-11)6(3-10)2-9-5/h2,4,10,12H,3H2,1H3",,,,,,,
C00251,"InChI=1S/C10H10O6/c1-5(9(12)13)16-8-4-6(10(14)15)2-3-7(8)11/h2-4,7-8,11H,1H2,(H,12,13)(H,14,15)/t7-,8-/m1/s1",,,,,,,
C00253,"InChI=1S/C6H5NO2/c8-6(9)5-2-1-3-7-4-5/h1-4H,(H,8,9)",,,,,,,
C00254,"InChI=1S/C10H10O6/c11-6-1-3-10(4-2-6,9(15)16)5-7(12)8(13)14/h1-4,6,11H,5H2,(H,13,14)(H,15,16)/t6-,10+",,,,,,,
C00255,"InChI=1S/C17H20N4O6/c1-7-3-9-10(4-8(7)2)21(5-11(23)14(25)12(24)6-22)15-13(18-9)16(26)20-17(27)19-15/h3-4,11-12,14,22-25H,5-6H2,1-2H3,(H,20,26,27)/t11-,12+,14-/m0/s1",,,,,,,
C00256,"InChI=1S/C3H6O3/c1-2(4)3(5)6/h2,4H,1H3,(H,5,6)/t2-/m1/s1",,,,,,,
C00257,"InChI=1S/C6H12O7/c7-1-2(8)3(9)4(10)5(11)6(12)13/h2-5,7-11H,1H2,(H,12,13)/t2-,3-,4+,5-/m1/s1",,,,,,,
C00258,"InChI=1S/C3H6O4/c4-1-2(5)3(6)7/h2,4-5H,1H2,(H,6,7)/t2-/m1/s1",,,,,,,
C00259,"InChI=1S/C5H10O5/c6-2-1-10-5(9)4(8)3(2)7/h2-9H,1H2/t2-,3-,4+,5?/m0/s1",,,,,,,
C00262,"InChI=1S/C5H4N4O/c10-5-3-4(7-1-6-3)8-2-9-5/h1-2H,(H2,6,7,8,9,10)",,,,,,,
C00263,"InChI=1S/C4H9NO3/c5-3(1-2-6)4(7)8/h3,6H,1-2,5H2,(H,7,8)/t3-/m0/s1",,,,,,,
C00266,"InChI=1S/C2H4O2/c3-1-2-4/h1,4H,2H2",,,,,,,
C00270,"InChI=1S/C11H19NO9/c1-4(14)12-7-5(15)2-11(20,10(18)19)21-9(7)8(17)6(16)3-13/h5-9,13,15-17,20H,2-3H2,1H3,(H,12,14)(H,18,19)/t5-,6?,7+,8-,9+,11?/m0/s1",,,,,,,
C00275,"InChI=1S/C6H13O9P/c7-3-2(1-14-16(11,12)13)15-6(10)5(9)4(3)8/h2-10H,1H2,(H2,11,12,13)/t2-,3-,4+,5+,6?/m1/s1",,,,,,,
C00279,"InChI=1S/C4H9O7P/c5-1-3(6)4(7)2-11-12(8,9)10/h1,3-4,6-7H,2H2,(H2,8,9,10)/t3-,4+/m0/s1",,,,,,,
C00282,InChI=1S/H2/h1H,,,,,,,
C00283,InChI=1S/H2S/h1H2,,,,,,,
C00286,"InChI=1S/C10H16N5O13P3/c11-10-13-8-7(9(17)14-10)12-3-15(8)6-1-4(16)5(26-6)2-25-30(21,22)28-31(23,24)27-29(18,19)20/h3-6,16H,1-2H2,(H,21,22)(H,23,24)(H2,18,19,20)(H3,11,13,14,17)/t4-,5+,6+/m0/s1",,,,,,,
C00288,"InChI=1S/CH2O3/c2-1(3)4/h(H2,2,3,4)/p-1",,,,,,,
C00294,"InChI=1S/C10H12N4O5/c15-1-4-6(16)7(17)10(19-4)14-3-13-5-8(14)11-2-12-9(5)18/h2-4,6-7,10,15-17H,1H2,(H,11,12,18)/t4-,6-,7-,10-/m1/s1",,,,,,,
C00295,"InChI=1S/C5H4N2O4/c8-3-1-2(4(9)10)6-5(11)7-3/h1H,(H,9,10)(H2,6,7,8,11)",,,,,,,
C00299,"InChI=1S/C9H12N2O6/c12-3-4-6(14)7(15)8(17-4)11-2-1-5(13)10-9(11)16/h1-2,4,6-8,12,14-15H,3H2,(H,10,13,16)/t4-,6-,7-,8-/m1/s1",,,,,,,
C00310,"InChI=1S/C5H10O5/c6-2-5(9)4(8)3(7)1-10-5/h3-4,6-9H,1-2H2/t3-,4+,5?/m1/s1",,,,,,,
C00311,"InChI=1S/C6H8O7/c7-3(8)1-2(5(10)11)4(9)6(12)13/h2,4,9H,1H2,(H,7,8)(H,10,11)(H,12,13)",,,,,,,
C00314,"InChI=1S/C8H11NO3/c1-5-8(12)7(4-11)6(3-10)2-9-5/h2,10-12H,3-4H2,1H3",,,,,,,
C00315,"InChI=1S/C7H19N3/c8-4-1-2-6-10-7-3-5-9/h10H,1-9H2",,,,,,,
C00318,"InChI=1S/C7H15NO3/c1-8(2,3)5-6(9)4-7(10)11/h6,9H,4-5H2,1-3H3/t6-/m1/s1",,,,,,,
C00320,"InChI=1S/H2O3S2/c1-5(2,3)4/h(H2,1,2,3,4)/p-1",,,,,,,
C00325,"InChI=1S/C16H25N5O15P2/c1-4-7(22)9(24)11(26)15(33-4)35-38(30,31)36-37(28,29)32-2-5-8(23)10(25)14(34-5)21-3-18-6-12(21)19-16(17)20-13(6)27/h3-5,7-11,14-15,22-26H,2H2,1H3,(H,28,29)(H,30,31)(H3,17,19,20,27)/t4-,5+,7+,8+,9+,10+,11-,14+,15+/m0/s1",,,,,,,
C00327,"InChI=1S/C6H13N3O3/c7-4(5(10)11)2-1-3-9-6(8)12/h4H,1-3,7H2,(H,10,11)(H3,8,9,12)/t4-/m0/s1",,,,,,,
C00329,"InChI=1S/C6H13NO5/c7-3-5(10)4(9)2(1-8)12-6(3)11/h2-6,8-11H,1,7H2/t2-,3-,4-,5-,6?/m1/s1",,,,,,,
C00330,"InChI=1S/C10H13N5O4/c11-10-13-8-7(9(18)14-10)12-3-15(8)6-1-4(17)5(2-16)19-6/h3-6,16-17H,1-2H2,(H3,11,13,14,18)/t4-,5+,6+/m0/s1",,,,,,,
C00332,"InChI=1S/C25H40N7O18P3S/c1-13(33)8-16(35)54-7-6-27-15(34)4-5-28-23(38)20(37)25(2,3)10-47-53(44,45)50-52(42,43)46-9-14-19(49-51(39,40)41)18(36)24(48-14)32-12-31-17-21(26)29-11-30-22(17)32/h11-12,14,18-20,24,36-37H,4-10H2,1-3H3,(H,27,34)(H,28,38)(H,42,43)(H,44,45)(H2,26,29,30)(H2,39,40,41)/t14-,18-,19-,20?,24-/m1/s1",,,,,,,
C00333,"InChI=1S/C6H10O7/c7-1-2(8)4(5(10)11)13-6(12)3(1)9/h1-4,6-9,12H,(H,10,11)/t1-,2+,3+,4-,6?/m0/s1",,,,,,,
C00334,"InChI=1S/C4H9NO2/c5-3-1-2-4(6)7/h1-3,5H2,(H,6,7)",,,,,,,
C00337,"InChI=1S/C5H6N2O4/c8-3-1-2(4(9)10)6-5(11)7-3/h2H,1H2,(H,9,10)(H2,6,7,8,11)/t2-/m0/s1",,,,,,,
C00341,"InChI=1S/C10H20O7P2/c1-9(2)5-4-6-10(3)7-8-16-19(14,15)17-18(11,12)13/h5,7H,4,6,8H2,1-3H3,(H,14,15)(H2,11,12,13)/b10-7+",,,,,,,
C00342,,,,,,,,
C00343,,,,,,,,
C00345,"InChI=1S/C6H13O10P/c7-2(1-16-17(13,14)15)3(8)4(9)5(10)6(11)12/h2-5,7-10H,1H2,(H,11,12)(H2,13,14,15)/t2-,3-,4+,5-/m1/s1",,,,,,,
C00348,"InChI=1S/C55H91O4P/c1-45(2)23-13-24-46(3)25-14-26-47(4)27-15-28-48(5)29-16-30-49(6)31-17-32-50(7)33-18-34-51(8)35-19-36-52(9)37-20-38-53(10)39-21-40-54(11)41-22-42-55(12)43-44-59-60(56,57)58/h23,25,27,29,31,33,35,37,39,41,43H,13-22,24,26,28,30,32,34,36,38,40,42,44H2,1-12H3,(H2,56,57,58)/b46-25+,47-27+,48-29+,49-31+,50-33+,51-35+,52-37+,53-39+,54-41+,55-43+",,,,,,,
C00352,"InChI=1S/C6H14NO8P/c7-3-5(9)4(8)2(15-6(3)10)1-14-16(11,12)13/h2-6,8-10H,1,7H2,(H2,11,12,13)/t2-,3-,4-,5-,6?/m1/s1",,,,,,,
C00354,"InChI=1S/C6H14O12P2/c7-4-3(1-16-19(10,11)12)18-6(9,5(4)8)2-17-20(13,14)15/h3-5,7-9H,1-2H2,(H2,10,11,12)(H2,13,14,15)/t3-,4-,5+,6?/m1/s1",,,,,,,
C00357,"InChI=1S/C8H16NO9P/c1-3(10)9-5-7(12)6(11)4(18-8(5)13)2-17-19(14,15)16/h4-8,11-13H,2H2,1H3,(H,9,10)(H2,14,15,16)/t4-,5-,6-,7-,8?/m1/s1",,,,,,,
C00360,"InChI=1S/C10H14N5O6P/c11-9-8-10(13-3-12-9)15(4-14-8)7-1-5(16)6(21-7)2-20-22(17,18)19/h3-7,16H,1-2H2,(H2,11,12,13)(H2,17,18,19)/t5-,6+,7+/m0/s1",,,,,,,
C00361,"InChI=1S/C10H15N5O10P2/c11-10-13-8-7(9(17)14-10)12-3-15(8)6-1-4(16)5(24-6)2-23-27(21,22)25-26(18,19)20/h3-6,16H,1-2H2,(H,21,22)(H2,18,19,20)(H3,11,13,14,17)/t4-,5+,6+/m0/s1",,,,,,,
C00362,"InChI=1S/C10H14N5O7P/c11-10-13-8-7(9(17)14-10)12-3-15(8)6-1-4(16)5(22-6)2-21-23(18,19)20/h3-6,16H,1-2H2,(H2,18,19,20)(H3,11,13,14,17)/t4-,5+,6+/m0/s1",,,,,,,
C00363,"InChI=1S/C10H16N2O11P2/c1-5-3-12(10(15)11-9(5)14)8-2-6(13)7(22-8)4-21-25(19,20)23-24(16,17)18/h3,6-8,13H,2,4H2,1H3,(H,19,20)(H,11,14,15)(H2,16,17,18)/t6-,7+,8+/m0/s1",,,,,,,
C00364,"InChI=1S/C10H15N2O8P/c1-5-3-12(10(15)11-9(5)14)8-2-6(13)7(20-8)4-19-21(16,17)18/h3,6-8,13H,2,4H2,1H3,(H,11,14,15)(H2,16,17,18)/t6-,7+,8+/m0/s1",,,,,,,
C00365,"InChI=1S/C9H13N2O8P/c12-5-3-8(11-2-1-7(13)10-9(11)14)19-6(5)4-18-20(15,16)17/h1-2,5-6,8,12H,3-4H2,(H,10,13,14)(H2,15,16,17)/t5-,6+,8+/m0/s1",,,,,,,
C00378,"InChI=1S/C12H17N4OS/c1-8-11(3-4-17)18-7-16(8)6-10-5-14-9(2)15-12(10)13/h5,7,17H,3-4,6H2,1-2H3,(H2,13,14,15)/q+1",,,,,,,
C00380,"InChI=1S/C4H5N3O/c5-3-1-2-6-4(8)7-3/h1-2H,(H3,5,6,7,8)",,,,,,,
C00385,"InChI=1S/C5H4N4O2/c10-4-2-3(7-1-6-2)8-5(11)9-4/h1H,(H3,6,7,8,9,10,11)",,,,,,,
C00387,"InChI=1S/C10H13N5O5/c11-10-13-7-4(8(19)14-10)12-2-15(7)9-6(18)5(17)3(1-16)20-9/h2-3,5-6,9,16-18H,1H2,(H3,11,13,14,19)/t3-,5-,6-,9-/m1/s1",,,,,,,
C00392,"InChI=1S/C6H14O6/c7-1-3(9)5(11)6(12)4(10)2-8/h3-12H,1-2H2/t3-,4-,5-,6-/m1/s1",,,,,,,
C00407,"InChI=1S/C6H13NO2/c1-3-4(2)5(7)6(8)9/h4-5H,3,7H2,1-2H3,(H,8,9)/t4-,5-/m0/s1",,,,,,,
C00415,"InChI=1S/C19H21N7O6/c20-19-25-15-14(17(30)26-19)23-11(8-22-15)7-21-10-3-1-9(2-4-10)16(29)24-12(18(31)32)5-6-13(27)28/h1-4,12,21H,5-8H2,(H,24,29)(H,27,28)(H,31,32)(H4,20,22,25,26,30)/t12-/m0/s1",,,,,,,
C00423,"InChI=1S/C9H8O2/c10-9(11)7-6-8-4-2-1-3-5-8/h1-7H,(H,10,11)/b7-6+",,,,,,,
C00424,"InChI=1S/C3H6O2/c1-3(5)2-4/h2-3,5H,1H3/t3-/m0/s1",,,,,,,
C00430,"InChI=1S/C5H9NO3/c6-3-4(7)1-2-5(8)9/h1-3,6H2,(H,8,9)",,,,,,,
C00437,"InChI=1S/C7H14N2O3/c1-5(10)9-6(7(11)12)3-2-4-8/h6H,2-4,8H2,1H3,(H,9,10)(H,11,12)/t6-/m0/s1",,,,,,,
C00438,"InChI=1S/C5H8N2O5/c6-5(12)7-2(4(10)11)1-3(8)9/h2H,1H2,(H,8,9)(H,10,11)(H3,6,7,12)/t2-/m0/s1",,,,,,,
C00440,"InChI=1S/C20H25N7O6/c1-27-12(9-23-16-15(27)18(31)26-20(21)25-16)8-22-11-4-2-10(3-5-11)17(30)24-13(19(32)33)6-7-14(28)29/h2-5,12-13,22H,6-9H2,1H3,(H,24,30)(H,28,29)(H,32,33)(H4,21,23,25,26,31)/t12?,13-/m1/s1",,,,,,,
C00441,"InChI=1S/C4H7NO3/c5-3(1-2-6)4(7)8/h2-3H,1,5H2,(H,7,8)/t3-/m0/s1",,,,,,,
C00445,"InChI=1S/C20H21N7O6/c21-20-24-16-15(18(31)25-20)27-9-26(8-12(27)7-22-16)11-3-1-10(2-4-11)17(30)23-13(19(32)33)5-6-14(28)29/h1-4,9,12-13H,5-8H2,(H6-,21,22,23,24,25,28,29,30,31,32,33)/p+1/t12?,13-/m0/s1",,,,,,,
C00446,"InChI=1S/C6H13O9P/c7-1-2-3(8)4(9)5(10)6(14-2)15-16(11,12)13/h2-10H,1H2,(H2,11,12,13)/t2-,3+,4+,5-,6-/m1/s1",,,,,,,
C00448,"InChI=1S/C15H28O7P2/c1-13(2)7-5-8-14(3)9-6-10-15(4)11-12-21-24(19,20)22-23(16,17)18/h7,9,11H,5-6,8,10,12H2,1-4H3,(H,19,20)(H2,16,17,18)/b14-9+,15-11+",,,,,,,
C00455,"InChI=1S/C11H15N2O8P/c12-10(16)6-2-1-3-13(4-6)11-9(15)8(14)7(21-11)5-20-22(17,18)19/h1-4,7-9,11,14-15H,5H2,(H3-,12,16,17,18,19)/t7-,8-,9-,11-/m1/s1",,,,,,,
C00458,"InChI=1S/C9H16N3O13P3/c10-7-1-2-12(9(14)11-7)8-3-5(13)6(23-8)4-22-27(18,19)25-28(20,21)24-26(15,16)17/h1-2,5-6,8,13H,3-4H2,(H,18,19)(H,20,21)(H2,10,11,14)(H2,15,16,17)/t5-,6+,8+/m0/s1",,,,,,,
C00459,"InChI=1S/C10H17N2O14P3/c1-5-3-12(10(15)11-9(5)14)8-2-6(13)7(24-8)4-23-28(19,20)26-29(21,22)25-27(16,17)18/h3,6-8,13H,2,4H2,1H3,(H,19,20)(H,21,22)(H,11,14,15)(H2,16,17,18)/t6-,7+,8+/m0/s1",,,,,,,
C00460,"InChI=1S/C9H15N2O14P3/c12-5-3-8(11-2-1-7(13)10-9(11)14)23-6(5)4-22-27(18,19)25-28(20,21)24-26(15,16)17/h1-2,5-6,8,12H,3-4H2,(H,18,19)(H,20,21)(H,10,13,14)(H2,15,16,17)/t5-,6+,8+/m0/s1",,,,,,,
C00463,"InChI=1S/C8H7N/c1-2-4-8-7(3-1)5-6-9-8/h1-6,9H",,,,,,,
C00469,"InChI=1S/C2H6O/c1-2-3/h3H,2H2,1H3",,,,,,,
C00475,"InChI=1S/C9H13N3O5/c10-5-1-2-12(9(16)11-5)8-7(15)6(14)4(3-13)17-8/h1-2,4,6-8,13-15H,3H2,(H2,10,11,16)/t4-,6-,7-,8-/m1/s1",,,,,,,
C00493,"InChI=1S/C7H10O5/c8-4-1-3(7(11)12)2-5(9)6(4)10/h1,4-6,8-10H,2H2,(H,11,12)/t4-,5-,6-/m1/s1",,,,,,,
C00498,"InChI=1S/C16H25N5O15P2/c17-13-7-14(19-3-18-13)21(4-20-7)15-11(26)9(24)6(33-15)2-32-37(28,29)36-38(30,31)35-16-12(27)10(25)8(23)5(1-22)34-16/h3-6,8-12,15-16,22-27H,1-2H2,(H,28,29)(H,30,31)(H2,17,18,19)/t5-,6-,8-,9-,10+,11-,12-,15-,16-/m1/s1",,,,,,,
C00499,"InChI=1S/C4H8N4O4/c5-3(11)7-1(2(9)10)8-4(6)12/h1H,(H,9,10)(H3,5,7,11)(H3,6,8,12)",,,,,,,
C00507,"InChI=1S/C6H12O5/c1-2-3(7)4(8)5(9)6(10)11-2/h2-10H,1H3/t2-,3-,4+,5+,6?/m0/s1",,,,,,,
C00508,"InChI=1S/C5H10O5/c6-2-5(9)4(8)3(7)1-10-5/h3-4,6-9H,1-2H2/t3-,4-,5?/m0/s1",,,,,,,
C00514,"InChI=1S/C6H12O7/c7-1-2(8)3(9)4(10)5(11)6(12)13/h2-5,7-11H,1H2,(H,12,13)/t2-,3-,4+,5+/m1/s1",,,,,,,
C00522,"InChI=1S/C6H12O4/c1-6(2,3-7)4(8)5(9)10/h4,7-8H,3H2,1-2H3,(H,9,10)/t4-/m0/s1",,,,,,,
C00526,"InChI=1S/C9H12N2O5/c12-4-6-5(13)3-8(16-6)11-2-1-7(14)10-9(11)15/h1-2,5-6,8,12-13H,3-4H2,(H,10,14,15)/t5-,6+,8+/m0/s1",,,,,,,
C00530,"InChI=1S/C6H6O2/c7-5-1-2-6(8)4-3-5/h1-4,7-8H",,,,,,,
C00534,"InChI=1S/C8H12N2O2/c1-5-8(12)7(2-9)6(4-11)3-10-5/h3,11-12H,2,4,9H2,1H3",,,,,,,
C00536,"InChI=1S/H5O10P3/c1-11(2,3)9-13(7,8)10-12(4,5)6/h(H,7,8)(H2,1,2,3)(H2,4,5,6)",,,,,,,
C00546,"InChI=1S/C3H4O2/c1-3(5)2-4/h2H,1H3",,,,,,,
C00555,"InChI=1S/C4H9NO/c5-3-1-2-4-6/h4H,1-3,5H2",,,,,,,
C00558,"InChI=1S/C6H10O7/c7-1-6(12)4(9)2(8)3(13-6)5(10)11/h2-4,7-9,12H,1H2,(H,10,11)/t2-,3-,4-,6?/m0/s1",,,,,,,
C00559,"InChI=1S/C10H13N5O3/c11-9-8-10(13-3-12-9)15(4-14-8)7-1-5(17)6(2-16)18-7/h3-7,16-17H,1-2H2,(H2,11,12,13)/t5-,6+,7+/m0/s1",,,,,,,
C00565,InChI=1S/C3H9N/c1-4(2)3/h1-3H3,,,,,,,
C00568,"InChI=1S/C7H7NO2/c8-6-3-1-5(2-4-6)7(9)10/h1-4H,8H2,(H,9,10)",,,,,,,
C00570,"InChI=1S/C11H20N4O11P2/c12-2-4-23-27(19,20)26-28(21,22)24-5-6-8(16)9(17)10(25-6)15-3-1-7(13)14-11(15)18/h1,3,6,8-10,16-17H,2,4-5,12H2,(H,19,20)(H,21,22)(H2,13,14,18)/t6-,8-,9-,10-/m1/s1",,,,,,,
C00575,"InChI=1S/C10H12N5O6P/c11-8-5-9(13-2-12-8)15(3-14-5)10-6(16)7-4(20-10)1-19-22(17,18)21-7/h2-4,6-7,10,16H,1H2,(H,17,18)(H2,11,12,13)/t4-,6-,7-,10-/m1/s1",,,,,,,
C00576,"InChI=1S/C5H12NO/c1-6(2,3)4-5-7/h5H,4H2,1-3H3/q+1",,,,,,,
C00577,"InChI=1S/C3H6O3/c4-1-3(6)2-5/h1,3,5-6H,2H2/t3-/m0/s1",,,,,,,
C00580,InChI=1S/C2H6S/c1-3-2/h1-2H3,,,,,,,
C00582,"InChI=1S/C29H42N7O17P3S/c1-29(2,24(40)27(41)32-9-8-19(37)31-10-11-57-20(38)12-17-6-4-3-5-7-17)14-50-56(47,48)53-55(45,46)49-13-18-23(52-54(42,43)44)22(39)28(51-18)36-16-35-21-25(30)33-15-34-26(21)36/h3-7,15-16,18,22-24,28,39-40H,8-14H2,1-2H3,(H,31,37)(H,32,41)(H,45,46)(H,47,48)(H2,30,33,34)(H2,42,43,44)/t18-,22-,23-,24?,28-/m1/s1",,,,,,,
C00596,"InChI=1S/C5H6O3/c1-2-3-4(6)5(7)8/h2-3,6H,1H2,(H,7,8)/b4-3+",,,,,,,
C00601,"InChI=1S/C8H8O/c9-7-6-8-4-2-1-3-5-8/h1-5,7H,6H2",,,,,,,
C00603,"InChI=1S/C3H6N2O4/c4-3(9)5-1(6)2(7)8/h1,6H,(H,7,8)(H3,4,5,9)/t1-/m0/s1",,,,,,,
C00612,"InChI=1S/C9H21N3O/c1-9(13)12-8-4-7-11-6-3-2-5-10/h11H,2-8,10H2,1H3,(H,12,13)",,,,,,,
C00618,"InChI=1S/C6H10O7/c7-1-2(8)3(9)4(10)5(11)6(12)13/h2-3,5,7-9,11H,1H2,(H,12,13)/t2-,3+,5-/m0/s1",,,,,,,
C00624,"InChI=1S/C7H11NO5/c1-4(9)8-5(7(12)13)2-3-6(10)11/h5H,2-3H2,1H3,(H,8,9)(H,10,11)(H,12,13)/t5-/m0/s1",,,,,,,
C00627,"InChI=1S/C8H12NO6P/c1-5-8(11)7(3-10)6(2-9-5)4-15-16(12,13)14/h2,10-11H,3-4H2,1H3,(H2,12,13,14)",,,,,,,
C00631,"InChI=1S/C3H7O7P/c4-1-2(3(5)6)10-11(7,8)9/h2,4H,1H2,(H,5,6)(H2,7,8,9)/t2-/m1/s1",,,,,,,
C00636,"InChI=1S/C6H13O9P/c7-1-2-3(8)4(9)5(10)6(14-2)15-16(11,12)13/h2-10H,1H2,(H2,11,12,13)/t2-,3-,4+,5+,6-/m1/s1",,,,,,,
C00644,"InChI=1S/C6H15O9P/c7-1-3(8)5(10)6(11)4(9)2-15-16(12,13)14/h3-11H,1-2H2,(H2,12,13,14)",,,,,,,
C00645,"InChI=1S/C8H15NO6/c1-3(11)9-5-7(13)6(12)4(2-10)15-8(5)14/h4-8,10,12-14H,2H2,1H3,(H,9,11)/t4-,5+,6-,7-,8?/m1/s1",,,,,,,
C00647,"InChI=1S/C8H13N2O5P/c1-5-8(11)7(2-9)6(3-10-5)4-15-16(12,13)14/h3,11H,2,4,9H2,1H3,(H2,12,13,14)",,,,,,,
C00655,"InChI=1S/C10H13N4O9P/c15-5-3(1-22-24(19,20)21)23-9(6(5)16)14-2-11-4-7(14)12-10(18)13-8(4)17/h2-3,5-6,9,15-16H,1H2,(H2,19,20,21)(H2,12,13,17,18)/t3-,5-,6-,9-/m1/s1",,,,,,,
C00661,"InChI=1S/C3H7O6P/c4-1-3(5)2-9-10(6,7)8/h1,3,5H,2H2,(H2,6,7,8)",,,,,,,
C00666,"InChI=1S/C7H14N2O4/c8-4(6(10)11)2-1-3-5(9)7(12)13/h4-5H,1-3,8-9H2,(H,10,11)(H,12,13)/t4-,5-/m0/s1",,,,,,,
C00669,"InChI=1S/C8H14N2O5S/c9-4(7(12)13)1-2-6(11)10-5(3-16)8(14)15/h4-5,16H,1-3,9H2,(H,10,11)(H,12,13)(H,14,15)/t4-,5-/m0/s1",,,,,,,
C00670,"InChI=1S/C8H20NO6P/c1-9(2,3)4-5-14-16(12,13)15-7-8(11)6-10/h8,10-11H,4-7H2,1-3H3/p+1/t8-/m1/s1",,,,,,,
C00671,"InChI=1S/C6H10O3/c1-3-4(2)5(7)6(8)9/h4H,3H2,1-2H3,(H,8,9)/t4-/m0/s1",,,,,,,
C00672,"InChI=1S/C5H11O7P/c6-2-4-3(7)1-5(11-4)12-13(8,9)10/h3-7H,1-2H2,(H2,8,9,10)/t3-,4+,5+/m0/s1",,,,,,,
C00673,"InChI=1S/C5H11O7P/c6-3-1-5(7)12-4(3)2-11-13(8,9)10/h3-7H,1-2H2,(H2,8,9,10)/t3-,4+,5?/m0/s1",,,,,,,
C00679,"InChI=1S/C6H8O7/c7-2(4(9)6(12)13)1-3(8)5(10)11/h2,4,7,9H,1H2,(H,10,11)(H,12,13)/t2-,4+/m0/s1",,,,,,,
C00680,"InChI=1S/C7H14N2O4/c8-4(6(10)11)2-1-3-5(9)7(12)13/h4-5H,1-3,8-9H2,(H,10,11)(H,12,13)/t4-,5+",,,,,,,
C00683,"InChI=1S/C25H40N7O19P3S/c1-12(23(37)38)24(39)55-7-6-27-14(33)4-5-28-21(36)18(35)25(2,3)9-48-54(45,46)51-53(43,44)47-8-13-17(50-52(40,41)42)16(34)22(49-13)32-11-31-15-19(26)29-10-30-20(15)32/h10-13,16-18,22,34-35H,4-9H2,1-3H3,(H,27,33)(H,28,36)(H,37,38)(H,43,44)(H,45,46)(H2,26,29,30)(H2,40,41,42)/t12-,13+,16+,17+,18?,22+/m0/s1",,,,,,,
C00688,"InChI=1S/C16H24N2O15P2/c1-6-4-18(16(24)17-14(6)23)10-3-8(19)9(31-10)5-29-34(25,26)33-35(27,28)32-15-13(22)12(21)11(20)7(2)30-15/h4,7-10,12-13,15,19,21-22H,3,5H2,1-2H3,(H,25,26)(H,27,28)(H,17,23,24)/t7-,8-,9+,10+,12+,13+,15+/m0/s1",,,,,,,
C00689,"InChI=1S/C12H23O14P/c13-1-3-5(14)7(16)9(18)11(24-3)26-12-10(19)8(17)6(15)4(25-12)2-23-27(20,21)22/h3-19H,1-2H2,(H2,20,21,22)/t3-,4-,5-,6-,7+,8+,9-,10-,11?,12?/m1/s1",,,,,,,
C00692,"InChI=1S/C28H43N5O23P2/c1-10(23(42)31-13(26(44)45)4-5-17(37)38)29-24(43)11(2)52-22-18(30-12(3)35)27(54-14(8-34)20(22)40)55-58(49,50)56-57(47,48)51-9-15-19(39)21(41)25(53-15)33-7-6-16(36)32-28(33)46/h6-7,10-11,13-15,18-22,25,27,34,39-41H,4-5,8-9H2,1-3H3,(H,29,43)(H,30,35)(H,31,42)(H,37,38)(H,44,45)(H,47,48)(H,49,50)(H,32,36,46)/t10-,11+,13+,14+,15+,18+,19+,20+,21+,22+,25+,27+/m0/s1",,,,,,,
C00704,InChI=1S/HO2/c1-2/h1H/p-1,,,,,,,
C00705,"InChI=1S/C9H15N3O10P2/c10-7-1-2-12(9(14)11-7)8-3-5(13)6(21-8)4-20-24(18,19)22-23(15,16)17/h1-2,5-6,8,13H,3-4H2,(H,18,19)(H2,10,11,14)(H2,15,16,17)/t5-,6+,8+/m0/s1",,,,,,,
C00712,"InChI=1S/C18H34O2/c1-2-3-4-5-6-7-8-9-10-11-12-13-14-15-16-17-18(19)20/h9-10H,2-8,11-17H2,1H3,(H,19,20)/b10-9-",,,,,,,
C00719,"InChI=1S/C5H11NO2/c1-6(2,3)4-5(7)8/h4H2,1-3H3",,,,,,,
C00740,"InChI=1S/C3H7NO3/c4-2(1-5)3(6)7/h2,5H,1,4H2,(H,6,7)/t2-/m1/s1",,,,,,,
C00748,"InChI=1S/C42H46N4O16.Fe/c1-41(17-39(59)60)23(5-9-35(51)52)29-14-27-21(11-37(55)56)19(3-7-33(47)48)25(43-27)13-26-20(4-8-34(49)50)22(12-38(57)58)28(44-26)15-31-42(2,18-40(61)62)24(6-10-36(53)54)30(46-31)16-32(41)45-29;/h13-16,23-24H,3-12,17-18H2,1-2H3,(H10,43,44,45,46,47,48,49,50,51,52,53,54,55,56,57,58,59,60,61,62);/q;+2/p-2/t23-,24-,41+,42+;/m1./s1",,,,,,,
C00770,"InChI=1S/C6H12O7/c7-1-2(8)3(9)4(10)5(11)6(12)13/h2-5,7-11H,1H2,(H,12,13)",,,,,,,
C00794,"InChI=1S/C6H14O6/c7-1-3(9)5(11)6(12)4(10)2-8/h3-12H,1-2H2/t3-,4+,5-,6-/m1/s1",,,,,,,
C00817,"InChI=1S/C6H12O7/c7-1-2(8)3(9)4(10)5(11)6(12)13/h2-5,7-11H,1H2,(H,12,13)/t2-,3-,4-,5+/m1/s1",,,,,,,
C00818,"InChI=1S/C6H10O8/c7-1(3(9)5(11)12)2(8)4(10)6(13)14/h1-4,7-10H,(H,11,12)(H,13,14)/t1-,2-,3-,4+/m0/s1",,,,,,,
C00842,"InChI=1S/C16H26N2O16P2/c1-6-3-18(16(25)17-14(6)24)10-2-7(20)9(31-10)5-30-35(26,27)34-36(28,29)33-15-13(23)12(22)11(21)8(4-19)32-15/h3,7-13,15,19-23H,2,4-5H2,1H3,(H,26,27)(H,28,29)(H,17,24,25)/t7-,8+,9+,10+,11+,12-,13+,15+/m0/s1",,,,,,,
C00853,"InChI=1S/C62H90N13O14P.Co/c1-29-20-39-40(21-30(29)2)75(28-70-39)57-52(84)53(41(27-76)87-57)89-90(85,86)88-31(3)26-69-49(83)18-19-59(8)37(22-46(66)80)56-62(11)61(10,25-48(68)82)36(14-17-45(65)79)51(74-62)33(5)55-60(9,24-47(67)81)34(12-15-43(63)77)38(71-55)23-42-58(6,7)35(13-16-44(64)78)50(72-42)32(4)54(59)73-56;/h20-21,23,28,31,34-37,41,52-53,56-57,76,84H,12-19,22,24-27H2,1-11H3,(H15,63,64,65,66,67,68,69,71,72,73,74,77,78,79,80,81,82,83,85,86);/q;+1/p-1/t31-,34-,35-,36-,37+,41-,52?,53-,56?,57+,59-,60+,61+,62+;/m1./s1",,,,,,,
C00855,"InChI=1S/C5H11NO2S/c1-9-3-2-4(6)5(7)8/h4H,2-3,6H2,1H3,(H,7,8)/t4-/m1/s1",,,,,,,
C00857,"InChI=1S/C21H26N6O15P2/c22-17-12-18(24-7-23-17)27(8-25-12)20-16(31)14(29)11(41-20)6-39-44(36,37)42-43(34,35)38-5-10-13(28)15(30)19(40-10)26-3-1-2-9(4-26)21(32)33/h1-4,7-8,10-11,13-16,19-20,28-31H,5-6H2,(H4-,22,23,24,32,33,34,35,36,37)/p+1/t10-,11-,13-,14-,15-,16-,19-,20-/m1/s1",,,,,,,
C00860,"InChI=1S/C6H11N3O/c7-5(3-10)1-6-2-8-4-9-6/h2,4-5,10H,1,3,7H2,(H,8,9)/t5-/m0/s1",,,,,,,
C00861,"InChI=1S/C6H12O5/c1-3(8)5(10)6(11)4(9)2-7/h3,5-8,10-11H,2H2,1H3/t3-,5-,6-/m0/s1",,,,,,,
C00864,"InChI=1S/C9H17NO5/c1-9(2,5-11)7(14)8(15)10-4-3-6(12)13/h7,11,14H,3-5H2,1-2H3,(H,10,15)(H,12,13)/t7-/m0/s1",,,,,,,
C00879,"InChI=1S/C6H10O8/c7-1(3(9)5(11)12)2(8)4(10)6(13)14/h1-4,7-10H,(H,11,12)(H,13,14)/t1-,2+,3+,4-",,,,,,,
C00880,"InChI=1S/C6H12O7/c7-1-2(8)3(9)4(10)5(11)6(12)13/h2-5,7-11H,1H2,(H,12,13)/t2-,3+,4+,5-/m1/s1",,,,,,,
C00881,"InChI=1S/C9H13N3O4/c10-7-1-2-12(9(15)11-7)8-3-5(14)6(4-13)16-8/h1-2,5-6,8,13-14H,3-4H2,(H2,10,11,15)/t5-,6+,8+/m0/s1",,,,,,,
C00882,"InChI=1S/C21H35N7O13P2S/c1-21(2,16(32)19(33)24-4-3-12(29)23-5-6-44)8-39-43(36,37)41-42(34,35)38-7-11-14(30)15(31)20(40-11)28-10-27-13-17(22)25-9-26-18(13)28/h9-11,14-16,20,30-32,44H,3-8H2,1-2H3,(H,23,29)(H,24,33)(H,34,35)(H,36,37)(H2,22,25,26)/t11-,14-,15-,16+,20-/m1/s1",,,,,,,
C00885,"InChI=1S/C10H10O6/c1-5(9(12)13)16-7-4-2-3-6(8(7)11)10(14)15/h2-4,7-8,11H,1H2,(H,12,13)(H,14,15)/t7-,8-/m0/s1",,,,,,,
C00898,"InChI=1S/C4H6O6/c5-1(3(7)8)2(6)4(9)10/h1-2,5-6H,(H,7,8)(H,9,10)/t1-,2-/m1/s1",,,,,,,
C00905,"InChI=1S/C6H10O7/c7-1-6(12)4(9)2(8)3(13-6)5(10)11/h2-4,7-9,12H,1H2,(H,10,11)/t2-,3+,4+,6?/m1/s1",,,,,,,
C00921,"InChI=1S/C14H14N6O3/c15-14-19-11-10(12(21)20-14)18-9(6-17-11)5-16-8-3-1-7(2-4-8)13(22)23/h1-4,16H,5-6H2,(H,22,23)(H4,15,17,19,20,21)",,,,,,,
C00931,"InChI=1S/C10H14N2O4/c11-4-8-7(3-10(15)16)6(5-12-8)1-2-9(13)14/h5,12H,1-4,11H2,(H,13,14)(H,15,16)",,,,,,,
C00944,"InChI=1S/C7H10O6/c8-3-1-7(13,6(11)12)2-4(9)5(3)10/h3,5,8,10,13H,1-2H2,(H,11,12)/t3-,5+,7-/m1/s1",,,,,,,
C00966,"InChI=1S/C6H10O4/c1-6(2,3-7)4(8)5(9)10/h7H,3H2,1-2H3,(H,9,10)",,,,,,,
C00979,"InChI=1S/C5H9NO4/c1-3(7)10-2-4(6)5(8)9/h4H,2,6H2,1H3,(H,8,9)/t4-/m0/s1",,,,,,,
C00988,"InChI=1S/C2H5O6P/c3-2(4)1-8-9(5,6)7/h1H2,(H,3,4)(H2,5,6,7)",,,,,,,
C00993,"InChI=1S/C6H12N2O3/c1-3(7)5(9)8-4(2)6(10)11/h3-4H,7H2,1-2H3,(H,8,9)(H,10,11)/t3-,4+/m1/s1",,,,,,,
C01005,"InChI=1S/C3H8NO6P/c4-2(3(5)6)1-10-11(7,8)9/h2H,1,4H2,(H,5,6)(H2,7,8,9)/t2-/m0/s1",,,,,,,
C01019,"InChI=1S/C6H12O5/c1-2-3(7)4(8)5(9)6(10)11-2/h2-10H,1H3/t2-,3+,4+,5-,6?/m0/s1",,,,,,,
C01024,"InChI=1S/C40H46N4O17/c45-17-32-25(12-40(60)61)21(4-8-36(52)53)29(44-32)15-31-24(11-39(58)59)20(3-7-35(50)51)28(43-31)14-30-23(10-38(56)57)19(2-6-34(48)49)27(42-30)13-26-22(9-37(54)55)18(16-41-26)1-5-33(46)47/h16,41-45H,1-15,17H2,(H,46,47)(H,48,49)(H,50,51)(H,52,53)(H,54,55)(H,56,57)(H,58,59)(H,60,61)",,,,,,,
C01029,"InChI=1S/C9H21N3O/c1-9(13)12-8-3-2-6-11-7-4-5-10/h11H,2-8,10H2,1H3,(H,12,13)",,,,,,,
C01037,"InChI=1S/C9H20N2O2/c1-7(10)8(11)5-3-2-4-6-9(12)13/h7-8H,2-6,10-11H2,1H3,(H,12,13)",,,,,,,
C01050,"InChI=1S/C20H31N3O19P2/c1-7(18(30)31)38-16-12(21-8(2)25)19(40-9(5-24)14(16)28)41-44(35,36)42-43(33,34)37-6-10-13(27)15(29)17(39-10)23-4-3-11(26)22-20(23)32/h3-4,7,9-10,12-17,19,24,27-29H,5-6H2,1-2H3,(H,21,25)(H,30,31)(H,33,34)(H,35,36)(H,22,26,32)/t7-,9-,10-,12-,13-,14-,15-,16-,17-,19-/m1/s1",,,,,,,
C01051,"InChI=1S/C40H44N4O16/c45-33(46)5-1-17-21(9-37(53)54)29-14-27-19(3-7-35(49)50)22(10-38(55)56)30(43-27)15-28-20(4-8-36(51)52)24(12-40(59)60)32(44-28)16-31-23(11-39(57)58)18(2-6-34(47)48)26(42-31)13-25(17)41-29/h41-44H,1-16H2,(H,45,46)(H,47,48)(H,49,50)(H,51,52)(H,53,54)(H,55,56)(H,57,58)(H,59,60)",,,,,,,
C01062,"InChI=1S/C6H10O7/c7-1-2(8)3(9)4(10)5(11)6(12)13/h3-5,7,9-11H,1H2,(H,12,13)",,,,,,,
C01079,"InChI=1S/C34H40N4O4/c1-7-21-17(3)25-13-26-19(5)23(9-11-33(39)40)31(37-26)16-32-24(10-12-34(41)42)20(6)28(38-32)15-30-22(8-2)18(4)27(36-30)14-29(21)35-25/h7-8,35-38H,1-2,9-16H2,3-6H3,(H,39,40)(H,41,42)",,,,,,,
C01081,"InChI=1S/C12H17N4O4PS/c1-8-11(3-4-20-21(17,18)19)22-7-16(8)6-10-5-14-9(2)15-12(10)13/h5,7H,3-4,6H2,1-2H3,(H3-,13,14,15,17,18,19)/p+1",,,,,,,
C01083,"InChI=1S/C12H22O11/c13-1-3-5(15)7(17)9(19)11(21-3)23-12-10(20)8(18)6(16)4(2-14)22-12/h3-20H,1-2H2/t3-,4-,5-,6-,7+,8+,9-,10-,11-,12-/m1/s1",,,,,,,
C01092,"InChI=1S/C9H17NO3/c1-7(10)8(11)5-3-2-4-6-9(12)13/h7H,2-6,10H2,1H3,(H,12,13)",,,,,,,
C01094,"InChI=1S/C6H13O9P/c7-1-3-4(8)5(9)6(10,15-3)2-14-16(11,12)13/h3-5,7-10H,1-2H2,(H2,11,12,13)/t3-,4-,5+,6?/m1/s1",,,,,,,
C01096,"InChI=1S/C6H15O9P/c7-1-3(8)5(10)6(11)4(9)2-15-16(12,13)14/h3-11H,1-2H2,(H2,12,13,14)/t3-,4+,5+,6+/m0/s1",,,,,,,
C01097,"InChI=1S/C6H13O9P/c7-2-6(10)5(9)4(8)3(15-6)1-14-16(11,12)13/h3-5,7-10H,1-2H2,(H2,11,12,13)/t3-,4+,5+,6?/m1/s1",,,,,,,
C01099,"InChI=1S/C6H13O8P/c1-3(7)5(9)6(10)4(8)2-14-15(11,12)13/h3,5-7,9-10H,2H2,1H3,(H2,11,12,13)/t3-,5+,6-/m0/s1",,,,,,,
C01100,"InChI=1S/C6H12N3O4P/c7-5(3-13-14(10,11)12)1-6-2-8-4-9-6/h2,4-5H,1,3,7H2,(H,8,9)(H2,10,11,12)/t5-/m0/s1",,,,,,,
C01101,"InChI=1S/C5H11O8P/c6-1-3(7)5(9)4(8)2-13-14(10,11)12/h4-6,8-9H,1-2H2,(H2,10,11,12)/t4-,5+/m0/s1",,,,,,,
C01102,"InChI=1S/C4H10NO6P/c5-3(4(6)7)1-2-11-12(8,9)10/h3H,1-2,5H2,(H,6,7)(H2,8,9,10)/t3-/m0/s1",,,,,,,
C01103,"InChI=1S/C10H13N2O11P/c13-5-1-3(9(16)17)12(10(18)11-5)8-7(15)6(14)4(23-8)2-22-24(19,20)21/h1,4,6-8,14-15H,2H2,(H,16,17)(H,11,13,18)(H2,19,20,21)/t4-,6-,7-,8-/m1/s1",,,,,,,
C01104,"InChI=1S/C3H9NO/c1-4(2,3)5/h1-3H3",,,,,,,
C01112,"InChI=1S/C5H11O8P/c6-1-3(7)5(9)4(8)2-13-14(10,11)12/h1,3-5,7-9H,2H2,(H2,10,11,12)/t3-,4-,5+/m1/s1",,,,,,,
C01118,"InChI=1S/C8H13NO6/c9-5(8(13)14)3-4-15-7(12)2-1-6(10)11/h5H,1-4,9H2,(H,10,11)(H,13,14)/t5-/m0/s1",,,,,,,
C01131,"InChI=1S/C6H13O8P/c1-3(7)5(9)6(10)4(8)2-14-15(11,12)13/h3,5-7,9-10H,2H2,1H3,(H2,11,12,13)/t3-,5-,6-/m0/s1",,,,,,,
C01134,"InChI=1S/C11H23N2O7PS/c1-11(2,7-20-21(17,18)19)9(15)10(16)13-4-3-8(14)12-5-6-22/h9,15,22H,3-7H2,1-2H3,(H,12,14)(H,13,16)(H2,17,18,19)/t9-/m0/s1",,,,,,,
C01137,"InChI=1S/C14H23N6O3S/c1-24(4-2-3-15)5-8-10(21)11(22)14(23-8)20-7-19-9-12(16)17-6-18-13(9)20/h6-8,10-11,14,21-22H,2-5,15H2,1H3,(H2,16,17,18)/q+1/t8-,10-,11-,14-,24+/m1/s1",,,,,,,
C01146,"InChI=1S/C3H4O4/c4-1-2(5)3(6)7/h1-2,5H,(H,6,7)",,,,,,,
C01165,"InChI=1S/C5H9NO3/c6-4(5(8)9)2-1-3-7/h3-4H,1-2,6H2,(H,8,9)/t4-/m0/s1",,,,,,,
C01170,"InChI=1S/C17H27N3O17P2/c1-6(22)18-10-13(26)11(24)7(4-21)35-16(10)36-39(31,32)37-38(29,30)33-5-8-12(25)14(27)15(34-8)20-3-2-9(23)19-17(20)28/h2-3,7-8,10-16,21,24-27H,4-5H2,1H3,(H,18,22)(H,29,30)(H,31,32)(H,19,23,28)/t7-,8-,10+,11-,12-,13-,14-,15-,16-/m1/s1",,,,,,,
C01177,"InChI=1S/C6H13O9P/c7-1-2(8)4(10)6(5(11)3(1)9)15-16(12,13)14/h1-11H,(H2,12,13,14)/t1-,2-,3+,4-,5-,6-/m1/s1",,,,,,,
C01179,"InChI=1S/C9H8O4/c10-7-3-1-6(2-4-7)5-8(11)9(12)13/h1-4,10H,5H2,(H,12,13)",,,,,,,
C01180,"InChI=1S/C5H8O3S/c1-9-3-2-4(6)5(7)8/h2-3H2,1H3,(H,7,8)",,,,,,,
C01181,"InChI=1S/C7H15NO2/c1-8(2,3)6-4-5-7(9)10/h4-6H2,1-3H3/p+1",,,,,,,
C01185,"InChI=1S/C11H14NO9P/c13-8-7(5-20-22(17,18)19)21-10(9(8)14)12-3-1-2-6(4-12)11(15)16/h1-4,7-10,13-14H,5H2,(H2-,15,16,17,18,19)/p+1/t7-,8-,9-,10-/m1/s1",,,,,,,
C01187,"InChI=1S/C8H14O8/c9-2-5(12)7(14)6(13)3(10)1-4(11)8(15)16/h3,5-7,9-10,12-14H,1-2H2,(H,15,16)",,,,,,,
C01212,"InChI=1S/C23H36N4O20P2/c1-8(21(35)36)24-19(34)9(2)43-18-14(25-10(3)29)22(45-11(6-28)16(18)32)46-49(40,41)47-48(38,39)42-7-12-15(31)17(33)20(44-12)27-5-4-13(30)26-23(27)37/h4-5,8-9,11-12,14-18,20,22,28,31-33H,6-7H2,1-3H3,(H,24,34)(H,25,29)(H,35,36)(H,38,39)(H,40,41)(H,26,30,37)/t8-,9+,11+,12+,14+,15+,16+,17+,18+,20+,22+/m0/s1",,,,,,,
C01213,"InChI=1S/C25H40N7O19P3S/c1-12(23(37)38)24(39)55-7-6-27-14(33)4-5-28-21(36)18(35)25(2,3)9-48-54(45,46)51-53(43,44)47-8-13-17(50-52(40,41)42)16(34)22(49-13)32-11-31-15-19(26)29-10-30-20(15)32/h10-13,16-18,22,34-35H,4-9H2,1-3H3,(H,27,33)(H,28,36)(H,37,38)(H,43,44)(H,45,46)(H2,26,29,30)(H2,40,41,42)/t12-,13-,16-,17-,18?,22-/m1/s1",,,,,,,
C01216,"InChI=1S/C6H10O6/c7-2-5(10)3(8)1-4(9)6(11)12/h3,5,7-8,10H,1-2H2,(H,11,12)/t3-,5-/m1/s1",,,,,,,
C01222,"InChI=1S/C16H23N5O15P2/c1-4-7(22)9(24)11(26)15(33-4)35-38(30,31)36-37(28,29)32-2-5-8(23)10(25)14(34-5)21-3-18-6-12(21)19-16(17)20-13(6)27/h3-5,8-11,14-15,23-26H,2H2,1H3,(H,28,29)(H,30,31)(H3,17,19,20,27)/t4-,5-,8-,9+,10-,11+,14-,15-/m1/s1",,,,,,,
C01225,"InChI=1S/C9H19O11P/c10-1-3(11)2-19-21(17,18)20-9-7(15)5(13)4(12)6(14)8(9)16/h3-16H,1-2H2,(H,17,18)/t3-,4-,5-,6+,7-,8-,9-/m1/s1",,,,,,,
C01233,"InChI=1S/C5H14NO6P/c6-1-2-11-13(9,10)12-4-5(8)3-7/h5,7-8H,1-4,6H2,(H,9,10)/t5-/m1/s1",,,,,,,
C01236,"InChI=1S/C6H11O9P/c7-3-2(1-14-16(11,12)13)15-6(10)5(9)4(3)8/h2-5,7-9H,1H2,(H2,11,12,13)/t2-,3-,4+,5-/m1/s1",,,,,,,
C01250,"InChI=1S/C7H11NO4/c1-5(10)8-6(7(11)12)3-2-4-9/h4,6H,2-3H2,1H3,(H,8,10)(H,11,12)/t6-/m0/s1",,,,,,,
C01260,"InChI=1S/C20H28N10O19P4/c21-15-9-17(25-3-23-15)29(5-27-9)19-13(33)11(31)7(45-19)1-43-50(35,36)47-52(39,40)49-53(41,42)48-51(37,38)44-2-8-12(32)14(34)20(46-8)30-6-28-10-16(22)24-4-26-18(10)30/h3-8,11-14,19-20,31-34H,1-2H2,(H,35,36)(H,37,38)(H,39,40)(H,41,42)(H2,21,23,25)(H2,22,24,26)/t7-,8-,11-,12-,13-,14-,19-,20-/m1/s1",,,,,,,
C01261,"InChI=1S/C20H28N10O21P4/c21-19-25-13-7(15(35)27-19)23-3-29(13)17-11(33)9(31)5(47-17)1-45-52(37,38)49-54(41,42)51-55(43,44)50-53(39,40)46-2-6-10(32)12(34)18(48-6)30-4-24-8-14(30)26-20(22)28-16(8)36/h3-6,9-12,17-18,31-34H,1-2H2,(H,37,38)(H,39,40)(H,41,42)(H,43,44)(H3,21,25,27,35)(H3,22,26,28,36)/t5-,6-,9-,10-,11-,12-,17-,18-/m1/s1",,,,,,,
C01267,"InChI=1S/C6H9N2O5P/c9-6(3-13-14(10,11)12)1-5-2-7-4-8-5/h2,4H,1,3H2,(H,7,8)(H2,10,11,12)",,,,,,,
C01268,"InChI=1S/C9H15N4O9P/c10-3-6(12-9(17)13-7(3)16)11-8-5(15)4(14)2(22-8)1-21-23(18,19)20/h2,4-5,8,14-15H,1,10H2,(H2,18,19,20)(H3,11,12,13,16,17)/t2-,4-,5-,8-/m1/s1",,,,,,,
C01269,"InChI=1S/C10H13O10P/c1-4(9(12)13)19-6-2-5(10(14)15)3-7(8(6)11)20-21(16,17)18/h3,6-8,11H,1-2H2,(H,12,13)(H,14,15)(H2,16,17,18)/t6-,7-,8+/m1/s1",,,,,,,
C01279,"InChI=1S/C6H9N3O/c1-4-8-2-5(3-10)6(7)9-4/h2,10H,3H2,1H3,(H2,7,8,9)",,,,,,,
C01286,"InChI=1S/C6H11O9P/c7-3(1-4(8)6(10)11)5(9)2-15-16(12,13)14/h3,5,7,9H,1-2H2,(H,10,11)(H2,12,13,14)/t3-,5-/m1/s1",,,,,,,
C01289,"InChI=1S/C63H105NO12P2/c1-47(2)24-14-25-48(3)26-15-27-49(4)28-16-29-50(5)30-17-31-51(6)32-18-33-52(7)34-19-35-53(8)36-20-37-54(9)38-21-39-55(10)40-22-41-56(11)42-23-43-57(12)44-45-73-77(69,70)76-78(71,72)75-63-60(64-58(13)66)62(68)61(67)59(46-65)74-63/h24,26,28,30,32,34,36,38,40,42,44,59-63,65,67-68H,14-23,25,27,29,31,33,35,37,39,41,43,45-46H2,1-13H3,(H,64,66)(H,69,70)(H,71,72)/b48-26+,49-28+,50-30-,51-32-,52-34-,53-36-,54-38-,55-40-,56-42-,57-44-/t59-,60-,61-,62-,63-/m1/s1",,,,,,,
C01302,"InChI=1S/C12H16NO9P/c14-9(11(16)10(15)6-22-23(19,20)21)5-13-8-4-2-1-3-7(8)12(17)18/h1-4,10-11,13,15-16H,5-6H2,(H,17,18)(H2,19,20,21)/t10-,11+/m1/s1",,,,,,,
C01304,"InChI=1S/C9H16N5O8P/c10-3-6(13-9(11)14-7(3)17)12-8-5(16)4(15)2(22-8)1-21-23(18,19)20/h2,4-5,8,15-16H,1,10H2,(H2,18,19,20)(H4,11,12,13,14,17)/t2-,4-,5-,8-/m1/s1",,,,,,,
C01326,InChI=1S/CHN/c1-2/h1H,,,,,,,
C01330,InChI=1S/Na/q+1,,,,,,,
C01346,"InChI=1S/C9H14N2O11P2/c12-5-3-8(11-2-1-7(13)10-9(11)14)21-6(5)4-20-24(18,19)22-23(15,16)17/h1-2,5-6,8,12H,3-4H2,(H,18,19)(H,10,13,14)(H2,15,16,17)/t5-,6+,8+/m0/s1",,,,,,,
C01352,"InChI=1S/C27H35N9O15P2/c1-10-3-12-13(4-11(10)2)35(24-18(32-12)25(42)34-27(43)33-24)5-14(37)19(39)15(38)6-48-52(44,45)51-53(46,47)49-7-16-20(40)21(41)26(50-16)36-9-31-17-22(28)29-8-30-23(17)36/h3-4,8-9,14-16,19-21,26,32,37-41H,5-7H2,1-2H3,(H,44,45)(H,46,47)(H2,28,29,30)(H2,33,34,42,43)/t14-,15+,16+,19-,20+,21+,26+/m0/s1",,,,,,,
C01417,InChI=1S/CHNO/c2-1-3/h3H,,,,,,,
C01528,InChI=1S/H2Se/h1H2,,,,,,,
C01530,"InChI=1S/C18H36O2/c1-2-3-4-5-6-7-8-9-10-11-12-13-14-15-16-17-18(19)20/h2-17H2,1H3,(H,19,20)",,,,,,,
C01551,"InChI=1S/C4H6N4O3/c5-3(10)6-1-2(9)8-4(11)7-1/h1H,(H3,5,6,10)(H2,7,8,9,11)",,,,,,,
C01602,"InChI=1S/C5H12N2O2/c6-3-1-2-4(7)5(8)9/h4H,1-3,6-7H2,(H,8,9)",,,,,,,
C01641,,,,,,,,
C01672,InChI=1S/C5H14N2/c6-4-2-1-3-5-7/h1-7H2,,,,,,,
C01697,"InChI=1S/C6H14O6/c7-1-3(9)5(11)6(12)4(10)2-8/h3-12H,1-2H2/t3-,4+,5+,6-",,,,,,,
C01721,"InChI=1S/C6H12O5/c1-3(8)5(10)6(11)4(9)2-7/h3,5-8,10-11H,2H2,1H3/t3-,5+,6-/m0/s1",,,,,,,
C01755,InChI=1S/CHNS/c2-1-3/h3H,,,,,,,
C01762,"InChI=1S/C10H12N4O6/c15-1-3-5(16)6(17)9(20-3)14-2-11-4-7(14)12-10(19)13-8(4)18/h2-3,5-6,9,15-17H,1H2,(H2,12,13,18,19)/t3-,5-,6-,9-/m1/s1",,,,,,,
C01835,"InChI=1S/C18H32O16/c19-1-4-7(22)8(23)12(27)17(31-4)34-15-6(3-21)32-18(13(28)10(15)25)33-14-5(2-20)30-16(29)11(26)9(14)24/h4-29H,1-3H2/t4-,5-,6-,7-,8+,9-,10-,11-,12-,13-,14-,15-,16?,17-,18-/m1/s1",,,,,,,
C01909,"InChI=1S/C10H18N2O3/c1-7-8(12-10(15)11-7)5-3-2-4-6-9(13)14/h7-8H,2-6H2,1H3,(H,13,14)(H2,11,12,15)",,,,,,,
C01936,"InChI=1S/C36H62O31/c37-1-7-13(43)14(44)21(51)32(58-7)64-27-9(3-39)60-34(23(53)16(27)46)66-29-11(5-41)62-36(25(55)18(29)48)67-30-12(6-42)61-35(24(54)19(30)49)65-28-10(4-40)59-33(22(52)17(28)47)63-26-8(2-38)57-31(56)20(50)15(26)45/h7-56H,1-6H2/t7-,8-,9-,10-,11-,12-,13-,14+,15-,16-,17-,18-,19-,20-,21-,22-,23-,24-,25-,26-,27-,28-,29-,30-,31?,32-,33-,34-,35-,36-/m1/s1",,,,,,,
C02052,"InChI=1S/C24H42O21/c25-1-5-9(29)10(30)15(35)22(40-5)44-19-7(3-27)42-24(17(37)12(19)32)45-20-8(4-28)41-23(16(36)13(20)33)43-18-6(2-26)39-21(38)14(34)11(18)31/h5-38H,1-4H2/t5-,6-,7-,8-,9-,10+,11-,12-,13-,14-,15-,16-,17-,18-,19-,20-,21?,22-,23-,24-/m1/s1",,,,,,,
C02191,"InChI=1S/C34H34N4O4/c1-7-21-17(3)25-13-26-19(5)23(9-11-33(39)40)31(37-26)16-32-24(10-12-34(41)42)20(6)28(38-32)15-30-22(8-2)18(4)27(36-30)14-29(21)35-25/h7-8,13-16,35,38H,1-2,9-12H2,3-6H3,(H,39,40)(H,41,42)/b25-13-,26-13-,27-14-,28-15-,29-14-,30-15-,31-16-,32-16-",,,,,,,
C02225,"InChI=1S/C7H10O7/c1-3(5(10)11)7(14,6(12)13)2-4(8)9/h3,14H,2H2,1H3,(H,8,9)(H,10,11)(H,12,13)/t3-,7-/m1/s1",,,,,,,
C02291,"InChI=1S/C7H14N2O4S/c8-4(6(10)11)1-2-14-3-5(9)7(12)13/h4-5H,1-3,8-9H2,(H,10,11)(H,12,13)/t4-,5-/m0/s1",,,,,,,
C02341,"InChI=1S/C6H6O6/c7-4(8)1-3(6(11)12)2-5(9)10/h1H,2H2,(H,7,8)(H,9,10)(H,11,12)/b3-1+",,,,,,,
C02504,"InChI=1S/C7H12O5/c1-4(2)7(12,6(10)11)3-5(8)9/h4,12H,3H2,1-2H3,(H,8,9)(H,10,11)/t7-/m0/s1",,,,,,,
C02591,"InChI=1S/C12H23O14P/c13-1-4-6(15)8(17)9(18)11(24-4)26-12(3-14)10(19)7(16)5(25-12)2-23-27(20,21)22/h4-11,13-19H,1-3H2,(H2,20,21,22)/t4-,5-,6-,7-,8+,9-,10+,11-,12+/m1/s1",,,,,,,
C02631,"InChI=1S/C7H10O4/c1-4(2)5(7(10)11)3-6(8)9/h3-4H,1-2H3,(H,8,9)(H,10,11)/b5-3+",,,,,,,
C02637,"InChI=1S/C7H8O5/c8-4-1-3(7(11)12)2-5(9)6(4)10/h1,5-6,9-10H,2H2,(H,11,12)/t5-,6-/m1/s1",,,,,,,
C02730,"InChI=1S/C11H10O5/c12-9(5-6-10(13)14)7-3-1-2-4-8(7)11(15)16/h1-4H,5-6H2,(H,13,14)(H,15,16)",,,,,,,
C02739,"InChI=1S/C15H25N5O20P4/c16-12-7-13(18-4-19(12)14-10(23)8(21)5(37-14)1-35-41(25,26)27)20(3-17-7)15-11(24)9(22)6(38-15)2-36-43(31,32)40-44(33,34)39-42(28,29)30/h3-6,8-11,14-16,21-24H,1-2H2,(H,31,32)(H,33,34)(H2,25,26,27)(H2,28,29,30)/t5-,6-,8-,9-,10-,11-,14-,15-/m1/s1",,,,,,,
C02741,"InChI=1S/C15H23N5O14P2/c16-12-7-13(18-4-19(12)14-10(23)8(21)5(33-14)1-31-35(25,26)27)20(3-17-7)15-11(24)9(22)6(34-15)2-32-36(28,29)30/h3-6,8-11,14-16,21-24H,1-2H2,(H2,25,26,27)(H2,28,29,30)/t5-,6-,8-,9-,10-,11-,14-,15-/m1/s1",,,,,,,
C02780,"InChI=1S/C6H8O7/c7-1-2(8)3(9)4(10)5(11)6(12)13/h3-4,7,9-10H,1H2,(H,12,13)/t3-,4+/m1/s1",,,,,,,
C02876,"InChI=1S/C3H7O5P/c1-2-3(4)8-9(5,6)7/h2H2,1H3,(H2,5,6,7)",,,,,,,
C02917,"InChI=1S/C3H8O2/c1-3(5)2-4/h3-5H,2H2,1H3/t3-/m0/s1",,,,,,,
C02985,"InChI=1S/C6H13O8P/c1-2-3(7)4(8)5(9)6(13-2)14-15(10,11)12/h2-9H,1H3,(H2,10,11,12)/t2-,3+,4+,5-,6+/m0/s1",,,,,,,
C02987,,,,,,,,
C02995,"InChI=1S/C12H23O14P/c13-1-3-10(7(16)8(17)11(19)24-3)26-12-9(18)6(15)5(14)4(25-12)2-23-27(20,21)22/h3-19H,1-2H2,(H2,20,21,22)/t3-,4-,5-,6+,7-,8-,9-,10-,11+,12-/m1/s1",,,,,,,
C03082,"InChI=1S/C4H8NO7P/c5-2(4(7)8)1-3(6)12-13(9,10)11/h2H,1,5H2,(H,7,8)(H2,9,10,11)/t2-/m0/s1",,,,,,,
C03089,"InChI=1S/C6H12O4S/c1-11-2-3-4(7)5(8)6(9)10-3/h3-9H,2H2,1H3/t3-,4-,5-,6-/m1/s1",,,,,,,
C03090,"InChI=1S/C5H12NO7P/c6-5-4(8)3(7)2(13-5)1-12-14(9,10)11/h2-5,7-8H,1,6H2,(H2,9,10,11)/t2-,3-,4-,5-/m1/s1",,,,,,,
C03114,"InChI=1S/C9H10N2/c1-6-3-8-9(4-7(6)2)11-5-10-8/h3-5H,1-2H3,(H,10,11)",,,,,,,
C03160,"InChI=1S/C32H44N7O20P3S/c1-32(2,26(44)29(45)35-10-9-21(41)34-11-12-63-22(42)8-7-19(40)17-5-3-4-6-18(17)31(46)47)14-56-62(53,54)59-61(51,52)55-13-20-25(58-60(48,49)50)24(43)30(57-20)39-16-38-23-27(33)36-15-37-28(23)39/h3-6,15-16,20,24-26,30,43-44H,7-14H2,1-2H3,(H,34,41)(H,35,45)(H,46,47)(H,51,52)(H,53,54)(H2,33,36,37)(H2,48,49,50)/t20-,24-,25-,26?,30-/m1/s1",,,,,,,
C03175,"InChI=1S/C7H11O8P/c8-4-1-3(7(10)11)2-5(6(4)9)15-16(12,13)14/h2,4-6,8-9H,1H2,(H,10,11)(H2,12,13,14)/t4-,5-,6+/m1/s1",,,,,,,
C03232,"InChI=1S/C3H5O7P/c4-2(3(5)6)1-10-11(7,8)9/h1H2,(H,5,6)(H2,7,8,9)",,,,,,,
C03263,"InChI=1S/C36H44N4O8/c1-17-21(5-9-33(41)42)29-14-27-19(3)22(6-10-34(43)44)30(39-27)15-28-20(4)24(8-12-36(47)48)32(40-28)16-31-23(7-11-35(45)46)18(2)26(38-31)13-25(17)37-29/h37-40H,5-16H2,1-4H3,(H,41,42)(H,43,44)(H,45,46)(H,47,48)",,,,,,,
C03274,"InChI=1S/C6H15O8P/c7-1-5(9)3-13-15(11,12)14-4-6(10)2-8/h5-10H,1-4H2,(H,11,12)",,,,,,,
C03287,"InChI=1S/C5H10NO7P/c6-3(5(8)9)1-2-4(7)13-14(10,11)12/h3H,1-2,6H2,(H,8,9)(H2,10,11,12)/t3-/m0/s1",,,,,,,
C03291,"InChI=1S/C5H11O8P/c6-1-3(7)5(9)4(8)2-13-14(10,11)12/h4-6,8-9H,1-2H2,(H2,10,11,12)/t4-,5-/m0/s1",,,,,,,
C03296,"InChI=1S/C10H18N4O5/c11-10(12)13-5-1-2-6(9(18)19)14-7(15)3-4-8(16)17/h6H,1-5H2,(H,14,15)(H,16,17)(H,18,19)(H4,11,12,13)/t6-/m0/s1",,,,,,,
C03319,"InChI=1S/C16H26N2O15P2/c1-6-4-18(16(24)17-14(6)23)10-3-8(19)9(31-10)5-29-34(25,26)33-35(27,28)32-15-13(22)12(21)11(20)7(2)30-15/h4,7-13,15,19-22H,3,5H2,1-2H3,(H,25,26)(H,27,28)(H,17,23,24)/t7-,8-,9+,10+,11-,12+,13+,15+/m0/s1",,,,,,,
C03340,"InChI=1S/C7H7NO4/c9-6(10)4-2-1-3-5(8-4)7(11)12/h1-2,5H,3H2,(H,9,10)(H,11,12)/t5-/m0/s1",,,,,,,
C03373,"InChI=1S/C8H14N3O7P/c9-5-1-10-3-11(5)8-7(13)6(12)4(18-8)2-17-19(14,15)16/h1,3-4,6-8,12-13H,2,9H2,(H2,14,15,16)/t4-,6-,7-,8-/m1/s1",,,,,,,
C03393,"InChI=1S/C4H9O8P/c5-2(3(6)4(7)8)1-12-13(9,10)11/h2-3,5-6H,1H2,(H,7,8)(H2,9,10,11)/t2-,3-/m1/s1",,,,,,,
C03406,"InChI=1S/C10H18N4O6/c11-5(8(17)18)2-1-3-13-10(12)14-6(9(19)20)4-7(15)16/h5-6H,1-4,11H2,(H,15,16)(H,17,18)(H,19,20)(H3,12,13,14)/t5-,6-/m0/s1",,,,,,,
C03415,"InChI=1S/C9H16N2O5/c10-5-1-2-6(9(15)16)11-7(12)3-4-8(13)14/h6H,1-5,10H2,(H,11,12)(H,13,14)(H,15,16)/t6-/m0/s1",,,,,,,
C03451,"InChI=1S/C13H21N3O8S/c1-6(17)13(24)25-5-8(11(21)15-4-10(19)20)16-9(18)3-2-7(14)12(22)23/h6-8,17H,2-5,14H2,1H3,(H,15,21)(H,16,18)(H,19,20)(H,22,23)/t6-,7+,8+/m1/s1",,,,,,,
C03492,"InChI=1S/C9H18NO8P/c1-9(2,5-18-19(15,16)17)7(13)8(14)10-4-3-6(11)12/h7,13H,3-5H2,1-2H3,(H,10,14)(H,11,12)(H2,15,16,17)/t7-/m0/s1",,,,,,,
C03506,"InChI=1S/C11H14NO6P/c13-10(6-18-19(15,16)17)11(14)8-5-12-9-4-2-1-3-7(8)9/h1-5,10-14H,6H2,(H2,15,16,17)/t10-,11+/m1/s1",,,,,,,
C03508,"InChI=1S/C4H7NO3/c1-2(6)3(5)4(7)8/h3H,5H2,1H3,(H,7,8)/t3-/m0/s1",,,,,,,
C03539,"InChI=1S/C9H17NO6S/c10-4(8(13)14)1-2-17-3-5-6(11)7(12)9(15)16-5/h4-7,9,11-12,15H,1-3,10H2,(H,13,14)/t4-,5+,6+,7+,9+/m0/s1",,,,,,,
C03589,"InChI=1S/C5H8O4/c1-3(6)2-4(7)5(8)9/h3,6H,2H2,1H3,(H,8,9)",,,,,,,
C03657,"InChI=1S/C11H8O4/c12-9-5-8(11(14)15)10(13)7-4-2-1-3-6(7)9/h1-5,12-13H,(H,14,15)",,,,,,,
C03688,,,,,,,,
C03722,"InChI=1S/C7H5NO4/c9-6(10)4-2-1-3-8-5(4)7(11)12/h1-3H,(H,9,10)(H,11,12)",,,,,,,
C03733,"InChI=1S/C15H24N2O17P2/c18-3-5(19)12-9(22)11(24)14(32-12)33-36(28,29)34-35(26,27)30-4-6-8(21)10(23)13(31-6)17-2-1-7(20)16-15(17)25/h1-2,5-6,8-14,18-19,21-24H,3-4H2,(H,26,27)(H,28,29)(H,16,20,25)/t5-,6-,8-,9-,10-,11-,12+,13-,14-/m1/s1",,,,,,,
C03741,"InChI=1S/C5H9NO3/c6-4(3-7)1-2-5(8)9/h3-4H,1-2,6H2,(H,8,9)/t4-/m0/s1",,,,,,,
C03785,"InChI=1S/C6H14O12P2/c7-4-3(1-16-19(10,11)12)18-6(9,5(4)8)2-17-20(13,14)15/h3-5,7-9H,1-2H2,(H2,10,11,12)(H2,13,14,15)/t3-,4+,5+,6?/m1/s1",,,,,,,
C03794,"InChI=1S/C14H18N5O11P/c20-7(21)1-5(14(24)25)18-11-8-12(16-3-15-11)19(4-17-8)13-10(23)9(22)6(30-13)2-29-31(26,27)28/h3-6,9-10,13,22-23H,1-2H2,(H,20,21)(H,24,25)(H,15,16,18)(H2,26,27,28)/t5-,6+,9+,10+,13+/m0/s1",,,,,,,
C03838,"InChI=1S/C7H15N2O8P/c8-1-4(10)9-7-6(12)5(11)3(17-7)2-16-18(13,14)15/h3,5-7,11-12H,1-2,8H2,(H,9,10)(H2,13,14,15)/t3-,5-,6-,7-/m1/s1",,,,,,,
C03912,"InChI=1S/C5H7NO2/c7-5(8)4-2-1-3-6-4/h3-4H,1-2H2,(H,7,8)/t4-/m0/s1",,,,,,,
C03972,"InChI=1S/C7H9NO4/c9-6(10)4-2-1-3-5(8-4)7(11)12/h4H,1-3H2,(H,9,10)(H,11,12)/t4-/m0/s1",,,,,,,
C04030,"InChI=1S/C17H18N5O10P/c18-14-10-15(20-5-19-14)22(6-21-10)16-13(26)12(25)9(31-16)4-30-33(28,29)32-17(27)7-2-1-3-8(23)11(7)24/h1-3,5-6,9,12-13,16,23-26H,4H2,(H,28,29)(H2,18,19,20)/t9-,12-,13-,16-/m1/s1",,,,,,,
C04044,"InChI=1S/C9H10O4/c10-7-3-1-2-6(9(7)13)4-5-8(11)12/h1-3,10,13H,4-5H2,(H,11,12)",,,,,,,
C04058,"InChI=1S/C20H29N10O22P5/c21-15-9-17(25-3-23-15)29(5-27-9)19-13(33)11(31)7(47-19)1-45-53(35,36)49-55(39,40)51-57(43,44)52-56(41,42)50-54(37,38)46-2-8-12(32)14(34)20(48-8)30-6-28-10-16(22)24-4-26-18(10)30/h3-8,11-14,19-20,31-34H,1-2H2,(H,35,36)(H,37,38)(H,39,40)(H,41,42)(H,43,44)(H2,21,23,25)(H2,22,24,26)/t7-,8-,11-,12-,13-,14-,19-,20-/m1/s1",,,,,,,
C04114,"InChI=1S/C7H13NO2/c1-8(2,3)6-4-5-7(9)10/h4-5H,6H2,1-3H3/b5-4+",,,,,,,
C04133,"InChI=1S/C7H12NO8P/c1-4(9)8-5(7(11)12)2-3-6(10)16-17(13,14)15/h5H,2-3H2,1H3,(H,8,9)(H,11,12)(H2,13,14,15)/t5-/m0/s1",,,,,,,
C04146,"InChI=1S/C40H68O7P2/c1-33(2)17-10-18-34(3)19-11-20-35(4)21-12-22-36(5)23-13-24-37(6)25-14-26-38(7)27-15-28-39(8)29-16-30-40(9)31-32-46-49(44,45)47-48(41,42)43/h17,19,21,23,25,27,29,31H,10-16,18,20,22,24,26,28,30,32H2,1-9H3,(H,44,45)(H2,41,42,43)/b34-19+,35-21+,36-23+,37-25+,38-27+,39-29+,40-31+",,,,,,,
C04171,"InChI=1S/C7H8O4/c8-5-3-1-2-4(6(5)9)7(10)11/h1-3,5-6,8-9H,(H,10,11)/t5-,6-/m0/s1",,,,,,,
C04188,"InChI=1S/C6H13O7PS/c1-15-2-3-4(7)5(8)6(12-3)13-14(9,10)11/h3-8H,2H2,1H3,(H2,9,10,11)/t3-,4-,5-,6-/m1/s1",,,,,,,
C04225,"InChI=1S/C7H8O6/c1-3(6(10)11)4(7(12)13)2-5(8)9/h2H2,1H3,(H,8,9)(H,10,11)(H,12,13)/b4-3-",,,,,,,
C04236,"InChI=1S/C7H10O5/c1-3(2)4(6(9)10)5(8)7(11)12/h3-4H,1-2H3,(H,9,10)(H,11,12)/t4-/m0/s1",,,,,,,
C04256,"InChI=1S/C8H16NO9P/c1-3(11)9-5-7(13)6(12)4(2-10)17-8(5)18-19(14,15)16/h4-8,10,12-13H,2H2,1H3,(H,9,11)(H2,14,15,16)/t4-,5-,6-,7-,8?/m1/s1",,,,,,,
C04257,"InChI=1S/C8H16NO9P/c1-3(10)9-5-7(12)6(11)4(18-8(5)13)2-17-19(14,15)16/h4-8,11-13H,2H2,1H3,(H,9,10)(H2,14,15,16)/t4-,5+,6-,7-,8?/m1/s1",,,,,,,
C04268,"InChI=1S/C16H27N3O14P2/c1-6-4-19(16(24)18-14(6)23)10-3-8(20)9(31-10)5-29-34(25,26)33-35(27,28)32-15-13(22)12(21)11(17)7(2)30-15/h4,7-13,15,20-22H,3,5,17H2,1-2H3,(H,25,26)(H,27,28)(H,18,23,24)/t7-,8+,9-,10-,11-,12+,13-,15-/m1/s1",,,,,,,
C04272,"InChI=1S/C5H10O4/c1-5(2,9)3(6)4(7)8/h3,6,9H,1-2H3,(H,7,8)/t3-/m0/s1",,,,,,,
C04294,"InChI=1S/C6H9NOS/c1-5-6(2-3-8)9-4-7-5/h4,8H,2-3H2,1H3",,,,,,,
C04302,"InChI=1S/C12H16NO9P/c14-9-8(5-21-23(18,19)20)22-11(10(9)15)13-7-4-2-1-3-6(7)12(16)17/h1-4,8-11,13-15H,5H2,(H,16,17)(H2,18,19,20)/t8-,9-,10-,11-/m1/s1",,,,,,,
C04327,"InChI=1S/C6H10NO4PS/c1-5-6(13-4-7-5)2-3-11-12(8,9)10/h4H,2-3H2,1H3,(H2,8,9,10)",,,,,,,
C04332,"InChI=1S/C13H18N4O6/c1-5-6(2)17(3-7(19)10(21)8(20)4-18)11-9(14-5)12(22)16-13(23)15-11/h7-8,10,18-21H,3-4H2,1-2H3,(H,16,22,23)/t7-,8+,10-/m0/s1",,,,,,,
C04352,"InChI=1S/C12H23N2O9PS/c1-12(2,6-23-24(20,21)22)9(16)10(17)13-4-3-8(15)14-7(5-25)11(18)19/h7,9,16,25H,3-6H2,1-2H3,(H,13,17)(H,14,15)(H,18,19)(H2,20,21,22)/t7-,9-/m0/s1",,,,,,,
C04376,"InChI=1S/C8H15N2O9P/c11-3-9-1-5(12)10-8-7(14)6(13)4(19-8)2-18-20(15,16)17/h3-4,6-8,13-14H,1-2H2,(H,9,11)(H,10,12)(H2,15,16,17)/t4-,6-,7-,8-/m1/s1",,,,,,,
C04411,"InChI=1S/C7H12O5/c1-3(2)4(6(9)10)5(8)7(11)12/h3-5,8H,1-2H3,(H,9,10)(H,11,12)/t4-,5+/m0/s1",,,,,,,
C04421,"InChI=1S/C11H18N2O7/c12-6(10(17)18)2-1-3-7(11(19)20)13-8(14)4-5-9(15)16/h6-7H,1-5,12H2,(H,13,14)(H,15,16)(H,17,18)(H,19,20)/t6-,7-/m0/s1",,,,,,,
C04425,"InChI=1S/C15H19N5O6S/c1-27(3-2-7(21)15(24)25)4-8-10(22)11(23)14(26-8)20-6-19-9-12(16)17-5-18-13(9)20/h5-6,8,10-11,14,22-23H,2-4H2,1H3,(H2-,16,17,18,24,25)/p+1/t8-,10-,11-,14-,27-/m1/s1",,,,,,,
C04442,"InChI=1S/C6H11O9P/c7-3(1-4(8)6(10)11)5(9)2-15-16(12,13)14/h3,5,7,9H,1-2H2,(H,10,11)(H2,12,13,14)",,,,,,,
C04454,"InChI=1S/C9H17N4O9P/c10-5-7(12-9(18)13-8(5)17)11-1-3(14)6(16)4(15)2-22-23(19,20)21/h3-4,6,14-16H,1-2,10H2,(H2,19,20,21)(H3,11,12,13,17,18)/t3-,4+,6-/m0/s1",,,,,,,
C04462,"InChI=1S/C11H15NO8/c13-7(11(19)20)3-1-2-6(10(17)18)12-8(14)4-5-9(15)16/h6H,1-5H2,(H,12,14)(H,15,16)(H,17,18)(H,19,20)/t6-/m0/s1",,,,,,,
C04478,"InChI=1S/C8H15O11P/c9-3(1-4(10)8(14)15)6(12)7(13)5(11)2-19-20(16,17)18/h3,5-7,9,11-13H,1-2H2,(H,14,15)(H2,16,17,18)/t3-,5-,6-,7-/m1/s1",,,,,,,
C04479,"InChI=1S/C9H10O6/c10-6(4-5-8(12)13)2-1-3-7(11)9(14)15/h1-3,11H,4-5H2,(H,12,13)(H,14,15)/b2-1-,7-3+",,,,,,,
C04556,"InChI=1S/C6H10N3O4P/c1-4-8-2-5(6(7)9-4)3-13-14(10,11)12/h2H,3H2,1H3,(H2,7,8,9)(H2,10,11,12)",,,,,,,
C04574,"InChI=1S/C55H92O7P2/c1-45(2)23-13-24-46(3)25-14-26-47(4)27-15-28-48(5)29-16-30-49(6)31-17-32-50(7)33-18-34-51(8)35-19-36-52(9)37-20-38-53(10)39-21-40-54(11)41-22-42-55(12)43-44-61-64(59,60)62-63(56,57)58/h23,25,27,29,31,33,35,37,39,41,43H,13-22,24,26,28,30,32,34,36,38,40,42,44H2,1-12H3,(H,59,60)(H2,56,57,58)/b46-25+,47-27+,48-29-,49-31-,50-33-,51-35-,52-37-,53-39-,54-41-,55-43-",,,,,,,
C04575,"InChI=1S/C6H8O7/c7-1-2(8)3(9)4(10)5(11)6(12)13/h2-3,7-9H,1H2,(H,12,13)/t2-,3+/m0/s1",,,,,,,
C04582,"InChI=1S/C6H13O7PS/c1-15-3-5(8)6(9)4(7)2-13-14(10,11)12/h5-6,8-9H,2-3H2,1H3,(H2,10,11,12)/t5-,6+/m1/s1",,,,,,,
C04593,"InChI=1S/C7H10O7/c1-7(14,6(12)13)3(5(10)11)2-4(8)9/h3,14H,2H2,1H3,(H,8,9)(H,10,11)(H,12,13)/t3-,7-/m1/s1",,,,,,,
C04631,"InChI=1S/C20H29N3O19P2/c1-7(18(30)31)38-16-12(21-8(2)25)19(40-9(5-24)14(16)28)41-44(35,36)42-43(33,34)37-6-10-13(27)15(29)17(39-10)23-4-3-11(26)22-20(23)32/h3-4,9-10,12-17,19,24,27-29H,1,5-6H2,2H3,(H,21,25)(H,30,31)(H,33,34)(H,35,36)(H,22,26,32)/t9-,10-,12-,13-,14-,15-,16-,17-,19-/m1/s1",,,,,,,
C04640,"InChI=1S/C8H16N3O8P/c9-5(1-10-3-12)11-8-7(14)6(13)4(19-8)2-18-20(15,16)17/h3-4,6-8,13-14H,1-2H2,(H2,9,11)(H,10,12)(H2,15,16,17)/t4-,6-,7-,8-/m1/s1",,,,,,,
C04652,"InChI=1S/C43H77N3O20P2/c1-3-5-7-9-11-13-15-17-19-21-29(48)25-34(51)44-36-40(64-35(52)26-30(49)22-20-18-16-14-12-10-8-6-4-2)38(54)31(27-47)63-42(36)65-68(59,60)66-67(57,58)61-28-32-37(53)39(55)41(62-32)46-24-23-33(50)45-43(46)56/h23-24,29-32,36-42,47-49,53-55H,3-22,25-28H2,1-2H3,(H,44,51)(H,57,58)(H,59,60)(H,45,50,56)/t29?,30?,31-,32-,36-,37-,38-,39-,40-,41-,42-/m1/s1",,,,,,,
C04666,"InChI=1S/C6H11N2O6P/c9-5(2-14-15(11,12)13)6(10)4-1-7-3-8-4/h1,3,5-6,9-10H,2H2,(H,7,8)(H2,11,12,13)/t5-,6+/m1/s1",,,,,,,
C04677,"InChI=1S/C9H15N4O8P/c10-7-4(8(11)16)12-2-13(7)9-6(15)5(14)3(21-9)1-20-22(17,18)19/h2-3,5-6,9,14-15H,1,10H2,(H2,11,16)(H2,17,18,19)/t3-,5-,6-,9-/m1/s1",,,,,,,
C04691,"InChI=1S/C7H13O10P/c8-3(1-4(9)7(12)13)6(11)5(10)2-17-18(14,15)16/h3,5-6,8,10-11H,1-2H2,(H,12,13)(H2,14,15,16)/t3-,5-,6+/m1/s1",,,,,,,
C04732,"InChI=1S/C9H16N4O6/c10-5-7(12-9(19)13-8(5)18)11-1-3(15)6(17)4(16)2-14/h3-4,6,14-17H,1-2,10H2,(H3,11,12,13,18,19)/t3-,4+,6-/m0/s1",,,,,,,
C04734,"InChI=1S/C10H15N4O9P/c11-8(18)5-9(13-3-15)14(2-12-5)10-7(17)6(16)4(23-10)1-22-24(19,20)21/h2-4,6-7,10,16-17H,1H2,(H2,11,18)(H,13,15)(H2,19,20,21)/t4-,6-,7-,10-/m1/s1",,,,,,,
C04738,"InChI=1S/C31H53N3O19P2/c1-3-4-5-6-7-8-9-10-11-12-19(37)15-23(39)51-28-24(32-18(2)36)30(50-20(16-35)26(28)41)52-55(46,47)53-54(44,45)48-17-21-25(40)27(42)29(49-21)34-14-13-22(38)33-31(34)43/h13-14,19-21,24-30,35,37,40-42H,3-12,15-17H2,1-2H3,(H,32,36)(H,44,45)(H,46,47)(H,33,38,43)/t19?,20-,21-,24-,25-,26-,27-,28-,29-,30-/m1/s1",,,,,,,
C04751,"InChI=1S/C9H14N3O9P/c10-7-4(9(15)16)11-2-12(7)8-6(14)5(13)3(21-8)1-20-22(17,18)19/h2-3,5-6,8,13-14H,1,10H2,(H,15,16)(H2,17,18,19)/t3-,5-,6-,8-/m1/s1",,,,,,,
C04752,"InChI=1S/C6H11N3O7P2/c1-4-8-2-5(6(7)9-4)3-15-18(13,14)16-17(10,11)12/h2H,3H2,1H3,(H,13,14)(H2,7,8,9)(H2,10,11,12)",,,,,,,
C04778,"InChI=1S/C14H19N2O7P/c1-7-3-9-10(4-8(7)2)16(6-15-9)14-13(18)12(17)11(23-14)5-22-24(19,20)21/h3-4,6,11-14,17-18H,5H2,1-2H3,(H2,19,20,21)/t11-,12-,13-,14+/m1/s1",,,,,,,
C04823,"InChI=1S/C13H19N4O12P/c14-10-7(11(22)16-4(13(23)24)1-6(18)19)15-3-17(10)12-9(21)8(20)5(29-12)2-28-30(25,26)27/h3-5,8-9,12,20-21H,1-2,14H2,(H,16,22)(H,18,19)(H,23,24)(H2,25,26,27)/t4-,5+,8+,9+,12+/m0/s1",,,,,,,
C04824,"InChI=1S/C34H66NO12P/c1-3-5-7-9-11-13-15-17-19-21-26(37)23-29(39)35-31-33(32(41)28(25-36)45-34(31)47-48(42,43)44)46-30(40)24-27(38)22-20-18-16-14-12-10-8-6-4-2/h26-28,31-34,36-38,41H,3-25H2,1-2H3,(H,35,39)(H2,42,43,44)/t26?,27?,28-,31-,32-,33-,34-/m1/s1",,,,,,,
C04874,"InChI=1S/C9H13N5O4/c10-9-13-7-5(8(18)14-9)12-3(1-11-7)6(17)4(16)2-15/h4,6,15-17H,1-2H2,(H4,10,11,13,14,18)/t4-,6+/m1/s1",,,,,,,
C04877,"InChI=1S/C35H55N7O26P2/c1-13(28(50)40-18(33(56)57)7-8-21(45)39-17(32(54)55)6-4-5-16(36)31(52)53)37-29(51)14(2)64-27-23(38-15(3)44)34(66-19(11-43)25(27)48)67-70(61,62)68-69(59,60)63-12-20-24(47)26(49)30(65-20)42-10-9-22(46)41-35(42)58/h9-10,13-14,16-20,23-27,30,34,43,47-49H,4-8,11-12,36H2,1-3H3,(H,37,51)(H,38,44)(H,39,45)(H,40,50)(H,52,53)(H,54,55)(H,56,57)(H,59,60)(H,61,62)(H,41,46,58)/t13-,14-,16-,17+,18?,19-,20-,23-,24-,25-,26-,27-,30-,34-/m1/s1",,,,,,,
C04882,"InChI=1S/C41H65N9O28P2/c1-15(32(58)45-17(3)37(62)63)44-35(61)21(8-6-7-20(42)38(64)65)47-25(53)10-9-22(39(66)67)48-33(59)16(2)43-34(60)18(4)74-31-27(46-19(5)52)40(76-23(13-51)29(31)56)77-80(71,72)78-79(69,70)73-14-24-28(55)30(57)36(75-24)50-12-11-26(54)49-41(50)68/h11-12,15-18,20-24,27-31,36,40,51,55-57H,6-10,13-14,42H2,1-5H3,(H,43,60)(H,44,61)(H,45,58)(H,46,52)(H,47,53)(H,48,59)(H,62,63)(H,64,65)(H,66,67)(H,69,70)(H,71,72)(H,49,54,68)/t15-,16+,17-,18-,20-,21+,22-,23-,24-,27-,28-,29-,30-,31-,36-,40-/m1/s1",,,,,,,
C04895,"InChI=1S/C9H16N5O13P3/c10-9-13-7-5(8(17)14-9)12-3(1-11-7)6(16)4(15)2-25-29(21,22)27-30(23,24)26-28(18,19)20/h4,6,15-16H,1-2H2,(H,21,22)(H,23,24)(H2,18,19,20)(H4,10,11,13,14,17)/t4-,6+/m1/s1",,,,,,,
C04896,"InChI=1S/C15H25N5O15P2/c16-12(25)7-13(17-3-18-14-10(23)8(21)5(34-14)1-32-36(26,27)28)20(4-19-7)15-11(24)9(22)6(35-15)2-33-37(29,30)31/h3-6,8-11,14-15,21-24H,1-2H2,(H2,16,25)(H,17,18)(H2,26,27,28)(H2,29,30,31)/t5-,6-,8-,9-,10-,11-,14-,15-/m1/s1",,,,,,,
C04916,"InChI=1S/C15H25N5O15P2/c16-13(26)9-14(18-4-17-1-6(21)10(23)7(22)2-33-36(27,28)29)20(5-19-9)15-12(25)11(24)8(35-15)3-34-37(30,31)32/h4-5,7-8,10-12,15,22-25H,1-3H2,(H2,16,26)(H,17,18)(H2,27,28,29)(H2,30,31,32)/t7-,8-,10+,11-,12-,15-/m1/s1",,,,,,,
C04932,"InChI=1S/C68H129N2O20P/c1-5-9-13-17-21-25-29-33-37-41-51(72)45-57(76)69-61-65(88-59(78)47-53(74)43-39-35-31-27-23-19-15-11-7-3)63(80)55(49-71)86-67(61)85-50-56-64(81)66(89-60(79)48-54(75)44-40-36-32-28-24-20-16-12-8-4)62(68(87-56)90-91(82,83)84)70-58(77)46-52(73)42-38-34-30-26-22-18-14-10-6-2/h51-56,61-68,71-75,80-81H,5-50H2,1-4H3,(H,69,76)(H,70,77)(H2,82,83,84)/t51?,52?,53?,54?,55-,56-,61-,62-,63-,64-,65-,66-,67-,68+/m1/s1",,,,,,,
C05172,"InChI=1S/H3O3PSe/c1-4(2,3)5/h(H3,1,2,3,5)",,,,,,,
C05332,"InChI=1S/C8H11N/c9-7-6-8-4-2-1-3-5-8/h1-5H,6-7,9H2",,,,,,,
C05382,"InChI=1S/C7H15O10P/c8-1-3(9)5(11)7(13)6(12)4(10)2-17-18(14,15)16/h4-8,10-13H,1-2H2,(H2,14,15,16)/t4-,5-,6-,7+/m1/s1",,,,,,,
C05402,"InChI=1S/C12H22O11/c13-1-3-5(14)8(17)10(19)12(23-3)21-2-4-6(15)7(16)9(18)11(20)22-4/h3-20H,1-2H2/t3-,4-,5+,6-,7+,8+,9-,10-,11?,12+/m1/s1",,,,,,,
C05512,"InChI=1S/C10H12N4O4/c15-2-6-5(16)1-7(18-6)14-4-13-8-9(14)11-3-12-10(8)17/h3-7,15-16H,1-2H2,(H,11,12,17)/t5-,6+,7+/m0/s1",,,,,,,
C05629,"InChI=1S/C9H10O2/c10-9(11)7-6-8-4-2-1-3-5-8/h1-5H,6-7H2,(H,10,11)",,,,,,,
C05730,"InChI=1S/C17H34N6O5S/c18-6-1-2-7-20-8-3-9-21-15(25)10-22-16(26)13(11-29)23-14(24)5-4-12(19)17(27)28/h12-13,20,29H,1-11,18-19H2,(H,21,25)(H,22,26)(H,23,24)(H,27,28)/t12-,13-/m0/s1",,,,,,,
C05774,"InChI=1S/C48H73N11O8.Co/c1-23(60)22-55-38(67)16-17-45(6)29(18-35(52)64)43-48(9)47(8,21-37(54)66)28(12-15-34(51)63)40(59-48)25(3)42-46(7,20-36(53)65)26(10-13-32(49)61)30(56-42)19-31-44(4,5)27(11-14-33(50)62)39(57-31)24(2)41(45)58-43;/h19,23,26-29,43,60H,10-18,20-22H2,1-9H3,(H14,49,50,51,52,53,54,55,56,57,58,59,61,62,63,64,65,66,67);/q;+1/p-1/t23-,26-,27-,28-,29+,43?,45-,46+,47+,48+;/m1./s1",,,,,,,
C05775,"InChI=1S/C14H18N2O4/c1-7-3-9-10(4-8(7)2)16(6-15-9)14-13(19)12(18)11(5-17)20-14/h3-4,6,11-14,17-19H,5H2,1-2H3/t11-,12-,13-,14+/m1/s1",,,,,,,
C05778,"InChI=1S/C42H46N4O16/c1-41(17-39(59)60)23(5-9-35(51)52)29-14-27-21(11-37(55)56)19(3-7-33(47)48)25(43-27)13-26-20(4-8-34(49)50)22(12-38(57)58)28(44-26)15-31-42(2,18-40(61)62)24(6-10-36(53)54)30(46-31)16-32(41)45-29/h13-16,23-24,44-45H,3-12,17-18H2,1-2H3,(H,47,48)(H,49,50)(H,51,52)(H,53,54)(H,55,56)(H,57,58)(H,59,60)(H,61,62)/b25-13-,29-14-,31-15-,32-16-/t23-,24-,41+,42+/m1/s1",,,,,,,
C05809,"InChI=1S/C47H70O3/c1-36(2)17-10-18-37(3)19-11-20-38(4)21-12-22-39(5)23-13-24-40(6)25-14-26-41(7)27-15-28-42(8)29-16-30-43(9)31-32-44-35-45(47(49)50)33-34-46(44)48/h17,19,21,23,25,27,29,31,33-35,48H,10-16,18,20,22,24,26,28,30,32H2,1-9H3,(H,49,50)/b37-19+,38-21+,39-23+,40-25+,41-27+,42-29+,43-31+",,,,,,,
C05810,"InChI=1S/C46H70O/c1-37(2)19-12-20-38(3)21-13-22-39(4)23-14-24-40(5)25-15-26-41(6)27-16-28-42(7)29-17-30-43(8)31-18-32-44(9)35-36-45-33-10-11-34-46(45)47/h10-11,19,21,23,25,27,29,31,33-35,47H,12-18,20,22,24,26,28,30,32,36H2,1-9H3/b38-21+,39-23+,40-25+,41-27+,42-29+,43-31+,44-35+",,,,,,,
C05811,"InChI=1S/C46H70O2/c1-36(2)18-10-19-37(3)20-11-21-38(4)22-12-23-39(5)24-13-25-40(6)26-14-27-41(7)28-15-29-42(8)30-16-31-43(9)34-35-44-32-17-33-45(47)46(44)48/h17-18,20,22,24,26,28,30,32-34,47-48H,10-16,19,21,23,25,27,29,31,35H2,1-9H3/b37-20+,38-22+,39-24+,40-26+,41-28+,42-30+,43-34+",,,,,,,
C05812,"InChI=1S/C47H72O2/c1-37(2)19-11-20-38(3)21-12-22-39(4)23-13-24-40(5)25-14-26-41(6)27-15-28-42(7)29-16-30-43(8)31-17-32-44(9)35-36-45-33-18-34-46(49-10)47(45)48/h18-19,21,23,25,27,29,31,33-35,48H,11-17,20,22,24,26,28,30,32,36H2,1-10H3/b38-21+,39-23+,40-25+,41-27+,42-29+,43-31+,44-35+",,,,,,,
C05817,"InChI=1S/C11H12O6/c12-7(4-5-9(14)15)6-2-1-3-8(13)10(6)11(16)17/h1-3,8,10,13H,4-5H2,(H,14,15)(H,16,17)/t8-,10-/m1/s1",,,,,,,
C05820,"InChI=1S/C13H19N6O9P/c14-5(1-20)13(23)28-29(24,25)26-2-6-8(21)9(22)12(27-6)19-4-18-7-10(15)16-3-17-11(7)19/h3-6,8-9,12,20-22H,1-2,14H2,(H,24,25)(H2,15,16,17)/t5-,6-,8-,9-,12-/m1/s1",,,,,,,
C05821,"InChI=1S/C30H27N3O15/c34-19-7-1-4-13(22(19)37)25(40)31-16-10-46-29(44)18(33-27(42)15-6-3-9-21(36)24(15)39)12-48-30(45)17(11-47-28(16)43)32-26(41)14-5-2-8-20(35)23(14)38/h1-9,16-18,34-39H,10-12H2,(H,31,40)(H,32,41)(H,33,42)/t16-,17-,18-/m0/s1",,,,,,,
C05840,"InChI=1S/C4H5NO4/c5-2(4(8)9)1-3(6)7/h5H,1H2,(H,6,7)(H,8,9)",,,,,,,
C05897,"InChI=1S/C87H143N7O23P2/c1-56(2)29-18-30-57(3)31-19-32-58(4)33-20-34-59(5)35-21-36-60(6)37-22-38-61(7)39-23-40-62(8)41-24-42-63(9)43-25-44-64(10)45-26-46-65(11)47-27-48-66(12)53-54-113-118(109,110)117-119(111,112)116-87-77(92-71(17)96)79(78(98)75(55-95)115-87)114-70(16)82(101)89-68(14)81(100)94-74(86(107)108)51-52-76(97)93-73(50-28-49-72(88)85(105)106)83(102)90-67(13)80(99)91-69(15)84(103)104/h29,31,33,35,37,39,41,43,45,47,53,67-70,72-75,77-79,87,95,98H,18-28,30,32,34,36,38,40,42,44,46,48-52,54-55,88H2,1-17H3,(H,89,101)(H,90,102)(H,91,99)(H,92,96)(H,93,97)(H,94,100)(H,103,104)(H,105,106)(H,107,108)(H,109,110)(H,111,112)/b57-31+,58-33+,59-35-,60-37-,61-39-,62-41-,63-43-,64-45-,65-47-,66-53-/t67-,68+,69-,70-,72-,73+,74-,75-,77-,78-,79-,87-/m1/s1",,,,,,,
C05898,"InChI=1S/C95H156N8O28P2/c1-58(2)30-19-31-59(3)32-20-33-60(4)34-21-35-61(5)36-22-37-62(6)38-23-39-63(7)40-24-41-64(8)42-25-43-65(9)44-26-45-66(10)46-27-47-67(11)48-28-49-68(12)54-55-125-132(121,122)131-133(123,124)130-95-82(101-74(18)107)86(85(79(57-105)128-95)129-94-81(100-73(17)106)84(110)83(109)78(56-104)127-94)126-72(16)89(113)97-70(14)88(112)103-77(93(119)120)52-53-80(108)102-76(51-29-50-75(96)92(117)118)90(114)98-69(13)87(111)99-71(15)91(115)116/h30,32,34,36,38,40,42,44,46,48,54,69-72,75-79,81-86,94-95,104-105,109-110H,19-29,31,33,35,37,39,41,43,45,47,49-53,55-57,96H2,1-18H3,(H,97,113)(H,98,114)(H,99,111)(H,100,106)(H,101,107)(H,102,108)(H,103,112)(H,115,116)(H,117,118)(H,119,120)(H,121,122)(H,123,124)/b59-32+,60-34+,61-36-,62-38-,63-40-,64-42-,65-44-,66-46-,67-48-,68-54-/t69-,70+,71-,72-,75-,76+,77-,78-,79-,81-,82-,83-,84-,85?,86-,94?,95-/m1/s1",,,,,,,
C05925,"InChI=1S/C9H14N5O7P/c10-9-13-7-5(8(17)14-9)12-3(1-11-7)6(16)4(15)2-21-22(18,19)20/h4,6,15-16H,1-2H2,(H2,18,19,20)(H4,10,11,13,14,17)/t4-,6+/m1/s1",,,,,,,
C05931,"InChI=1S/C9H13NO7/c11-6(2-4-8(14)15)10-5(9(16)17)1-3-7(12)13/h5H,1-4H2,(H,10,11)(H,12,13)(H,14,15)(H,16,17)/t5-/m0/s1",,,,,,,
C05932,"InChI=1S/C9H13NO6/c11-5-1-2-6(9(15)16)10-7(12)3-4-8(13)14/h5-6H,1-4H2,(H,10,12)(H,13,14)(H,15,16)/t6-/m0/s1",,,,,,,
C06006,"InChI=1S/C6H10O4/c1-3-6(10,4(2)7)5(8)9/h10H,3H2,1-2H3,(H,8,9)/t6-/m0/s1",,,,,,,
C06007,"InChI=1S/C6H12O4/c1-3-6(2,10)4(7)5(8)9/h4,7,10H,3H2,1-2H3,(H,8,9)/t4-,6+/m0/s1",,,,,,,
C06010,"InChI=1S/C5H8O4/c1-3(6)5(2,9)4(7)8/h9H,1-2H3,(H,7,8)/t5-/m0/s1",,,,,,,
C06022,"InChI=1S/C29H51N3O18P2/c1-2-3-4-5-6-7-8-9-10-11-17(34)14-21(36)48-26-22(30)28(47-18(15-33)24(26)38)49-52(43,44)50-51(41,42)45-16-19-23(37)25(39)27(46-19)32-13-12-20(35)31-29(32)40/h12-13,17-19,22-28,33-34,37-39H,2-11,14-16,30H2,1H3,(H,41,42)(H,43,44)(H,31,35,40)/t17?,18-,19-,22-,23-,24-,25-,26-,27-,28-/m1/s1",,,,,,,
C06024,"InChI=1S/C76H142N2O30P2/c1-5-9-13-17-21-25-29-33-37-41-53(80)45-61(86)77-65-71(104-63(88)47-55(82)43-39-35-31-27-23-19-15-11-7-3)68(91)59(102-74(65)108-110(97,98)99)51-100-73-66(78-62(87)46-54(81)42-38-34-30-26-22-18-14-10-6-2)72(105-64(89)48-56(83)44-40-36-32-28-24-20-16-12-8-4)70(107-109(94,95)96)60(103-73)52-101-76(75(92)93)49-57(84)67(90)69(106-76)58(85)50-79/h53-60,65-74,79-85,90-91H,5-52H2,1-4H3,(H,77,86)(H,78,87)(H,92,93)(H2,94,95,96)(H2,97,98,99)/t53?,54?,55?,56?,57-,58-,59-,60-,65-,66-,67?,68-,69-,70-,71-,72-,73-,74-,76-/m1/s1",,,,,,,
C06025,"InChI=1S/C84H154N2O37P2/c1-5-9-13-17-21-25-29-33-37-41-55(89)45-65(96)85-69-77(117-67(98)47-57(91)43-39-35-31-27-23-19-15-11-7-3)73(102)63(115-80(69)123-125(110,111)112)53-113-79-70(86-66(97)46-56(90)42-38-34-30-26-22-18-14-10-6-2)78(118-68(99)48-58(92)44-40-36-32-28-24-20-16-12-8-4)76(122-124(107,108)109)64(116-79)54-114-83(81(103)104)50-62(72(101)75(120-83)61(95)52-88)119-84(82(105)106)49-59(93)71(100)74(121-84)60(94)51-87/h55-64,69-80,87-95,100-102H,5-54H2,1-4H3,(H,85,96)(H,86,97)(H,103,104)(H,105,106)(H2,107,108,109)(H2,110,111,112)/t55?,56?,57?,58?,59-,60-,61-,62?,63-,64-,69-,70-,71?,72?,73-,74-,75-,76-,77-,78-,79-,80-,83-,84-/m1/s1",,,,,,,
C06026,"InChI=1S/C110H202N2O39P2/c1-7-13-19-25-31-37-38-44-50-56-62-68-92(123)142-82(66-60-54-48-42-35-29-23-17-11-5)72-94(125)146-104-96(112-90(121)71-81(65-59-53-47-41-34-28-22-16-10-4)141-91(122)67-61-55-49-43-36-30-24-18-12-6)105(144-88(102(104)150-152(133,134)135)78-140-109(107(129)130)74-86(98(127)101(148-109)85(119)76-114)147-110(108(131)132)73-83(117)97(126)100(149-110)84(118)75-113)139-77-87-99(128)103(145-93(124)70-80(116)64-58-52-46-40-33-27-21-15-9-3)95(106(143-87)151-153(136,137)138)111-89(120)69-79(115)63-57-51-45-39-32-26-20-14-8-2/h79-88,95-106,113-119,126-128H,7-78H2,1-6H3,(H,111,120)(H,112,121)(H,129,130)(H,131,132)(H2,133,134,135)(H2,136,137,138)/t79?,80?,81?,82?,83-,84-,85-,86?,87-,88-,95-,96-,97?,98?,99-,100-,101-,102-,103-,104-,105-,106-,109-,110-/m1/s1",,,,,,,
C06054,"InChI=1S/C4H7O8P/c5-2(3(6)4(7)8)1-12-13(9,10)11/h2,5H,1H2,(H,7,8)(H2,9,10,11)/t2-/m1/s1",,,,,,,
C06055,"InChI=1S/C4H10NO7P/c5-3(4(7)8)2(6)1-12-13(9,10)11/h2-3,6H,1,5H2,(H,7,8)(H2,9,10,11)/t2-,3+/m1/s1",,,,,,,
C06056,"InChI=1S/C4H9NO4/c5-3(4(8)9)2(7)1-6/h2-3,6-7H,1,5H2,(H,8,9)/t2-,3+/m1/s1",,,,,,,
C06156,"InChI=1S/C6H14NO8P/c7-3-5(10)4(9)2(1-8)14-6(3)15-16(11,12)13/h2-6,8-10H,1,7H2,(H2,11,12,13)/t2-,3-,4-,5-,6-/m1/s1",,,,,,,
C06187,"InChI=1S/C12H17O10P/c13-6-1-3-7(4-2-6)21-12-11(16)10(15)9(14)8(22-12)5-20-23(17,18)19/h1-4,8-16H,5H2,(H2,17,18,19)/t8-,9-,10+,11-,12-/m1/s1",,,,,,,
C06240,"InChI=1S/C17H25N3O18P2/c1-5(21)18-8-10(24)11(25)13(15(27)28)36-16(8)37-40(32,33)38-39(30,31)34-4-6-9(23)12(26)14(35-6)20-3-2-7(22)19-17(20)29/h2-3,6,8-14,16,23-26H,4H2,1H3,(H,18,21)(H,27,28)(H,30,31)(H,32,33)(H,19,22,29)/t6-,8+,9-,10-,11+,12-,13+,14-,16-/m1/s1",,,,,,,
C06251,"InChI=1S/C96H176N2O38P2/c1-6-11-16-21-26-31-36-41-46-51-66(101)56-76(107)97-81-89(130-79(110)57-67(102)52-47-42-37-32-27-22-17-12-7-2)85(114)74(128-92(81)136-138(122,123)124)64-125-91-82(98-77(108)59-69(54-49-44-39-34-29-24-19-14-9-4)127-78(109)55-50-45-40-35-30-25-20-15-10-5)90(131-80(111)58-68(103)53-48-43-38-33-28-23-18-13-8-3)88(135-137(119,120)121)75(129-91)65-126-95(93(115)116)61-73(84(113)87(133-95)72(106)63-100)132-96(94(117)118)60-70(104)83(112)86(134-96)71(105)62-99/h66-75,81-92,99-106,112-114H,6-65H2,1-5H3,(H,97,107)(H,98,108)(H,115,116)(H,117,118)(H2,119,120,121)(H2,122,123,124)/t66?,67?,68?,69?,70-,71-,72-,73?,74-,75-,81-,82-,83?,84?,85-,86-,87-,88-,89-,90-,91-,92-,95-,96-/m1/s1",,,,,,,
C06257,"InChI=1S/C5H10O4/c1-3(7)5(9)4(8)2-6/h4-6,8-9H,2H2,1H3/t4-,5-/m1/s1",,,,,,,
C06311,"InChI=1S/C6H15O9P/c7-1-3(8)5(10)6(11)4(9)2-15-16(12,13)14/h3-11H,1-2H2,(H2,12,13,14)/t3-,4+,5+,6-/m1/s1",,,,,,,
C06397,"InChI=1S/C17H27N5O16P2/c18-14-7-15(20-3-19-14)22(4-21-7)16-11(28)8(25)6(35-16)2-34-39(30,31)38-40(32,33)37-17-12(29)9(26)10(27)13(36-17)5(24)1-23/h3-6,8-13,16-17,23-29H,1-2H2,(H,30,31)(H,32,33)(H2,18,19,20)/t5-,6-,8-,9+,10+,11-,12+,13-,16-,17?/m1/s1",,,,,,,
C06398,"InChI=1S/C17H27N5O16P2/c18-14-7-15(20-3-19-14)22(4-21-7)16-11(28)8(25)6(35-16)2-34-39(30,31)38-40(32,33)37-17-12(29)9(26)10(27)13(36-17)5(24)1-23/h3-6,8-13,16-17,23-29H,1-2H2,(H,30,31)(H,32,33)(H2,18,19,20)/t5-,6+,8+,9-,10-,11+,12-,13+,16+,17?/m0/s1",,,,,,,
C06424,"InChI=1S/C14H28O2/c1-2-3-4-5-6-7-8-9-10-11-12-13-14(15)16/h2-13H2,1H3,(H,15,16)",,,,,,,
C06473,"InChI=1S/C6H10O7/c7-1-2(8)3(9)4(10)5(11)6(12)13/h2-4,7-10H,1H2,(H,12,13)/t2-,3-,4+/m1/s1",,,,,,,
C06508,"InChI=1S/C48H73N11O8.C10H12N5O3.Co/c1-23(60)22-55-38(67)16-17-45(6)29(18-35(52)64)43-48(9)47(8,21-37(54)66)28(12-15-34(51)63)40(59-48)25(3)42-46(7,20-36(53)65)26(10-13-32(49)61)30(56-42)19-31-44(4,5)27(11-14-33(50)62)39(57-31)24(2)41(45)58-43;1-4-6(16)7(17)10(18-4)15-3-14-5-8(11)12-2-13-9(5)15;/h19,23,26-29,43,60H,10-18,20-22H2,1-9H3,(H14,49,50,51,52,53,54,55,56,57,58,59,61,62,63,64,65,66,67);2-4,6-7,10,16-17H,1H2,(H2,11,12,13);/q;;+2/p-1/t23-,26-,27-,28-,29+,43?,45-,46+,47+,48+;4-,6-,7-,10-;/m11./s1",,,,,,,
C06509,"InChI=1S/C48H74N11O11P.C10H12N5O3.Co/c1-23(70-71(67,68)69)22-55-38(66)16-17-45(6)29(18-35(52)63)43-48(9)47(8,21-37(54)65)28(12-15-34(51)62)40(59-48)25(3)42-46(7,20-36(53)64)26(10-13-32(49)60)30(56-42)19-31-44(4,5)27(11-14-33(50)61)39(57-31)24(2)41(45)58-43;1-4-6(16)7(17)10(18-4)15-3-14-5-8(11)12-2-13-9(5)15;/h19,23,26-29,43H,10-18,20-22H2,1-9H3,(H16,49,50,51,52,53,54,55,56,57,58,59,60,61,62,63,64,65,66,67,68,69);2-4,6-7,10,16-17H,1H2,(H2,11,12,13);/q;;+2/p-1/t23-,26-,27-,28-,29+,43?,45-,46+,47+,48+;4-,6-,7-,10-;/m11./s1",,,,,,,
C06510,"InChI=1S/C58H86N16O18P2.C10H12N5O3.Co/c1-25(91-94(87,88)92-93(85,86)89-23-33-45(82)46(83)52(90-33)74-24-67-44-50(74)71-53(65)72-51(44)84)22-66-41(81)16-17-55(6)31(18-38(62)78)49-58(9)57(8,21-40(64)80)30(12-15-37(61)77)43(73-58)27(3)48-56(7,20-39(63)79)28(10-13-35(59)75)32(68-48)19-34-54(4,5)29(11-14-36(60)76)42(69-34)26(2)47(55)70-49;1-4-6(16)7(17)10(18-4)15-3-14-5-8(11)12-2-13-9(5)15;/h19,24-25,28-31,33,45-46,49,52,82-83H,10-18,20-23H2,1-9H3,(H19,59,60,61,62,63,64,65,66,68,69,70,71,72,73,75,76,77,78,79,80,81,84,85,86,87,88);2-4,6-7,10,16-17H,1H2,(H2,11,12,13);/q;;+2/p-1/t25-,28-,29-,30-,31+,33-,45-,46-,49?,52-,55-,56+,57+,58+;4-,6-,7-,10-;/m11./s1",,,,,,,
C06735,"InChI=1S/C2H5NO/c3-1-2-4/h2H,1,3H2",,,,,,,
C07086,"InChI=1S/C8H8O2/c9-8(10)6-7-4-2-1-3-5-7/h1-5H,6H2,(H,9,10)",,,,,,,
C07836,"InChI=1S/C7H15O10P/c8-2(1-16-18(13,14)15)6-4(10)3(9)5(11)7(12)17-6/h2-12H,1H2,(H2,13,14,15)/t2-,3+,4+,5+,6-,7?/m1/s1",,,,,,,
C07838,"InChI=1S/C7H15O10P/c8-1-2(9)6-4(11)3(10)5(12)7(16-6)17-18(13,14)15/h2-12H,1H2,(H2,13,14,15)/t2-,3+,4+,5+,6-,7-/m1/s1",,,,,,,
C08362,"InChI=1S/C16H30O2/c1-2-3-4-5-6-7-8-9-10-11-12-13-14-15-16(17)18/h7-8H,2-6,9-15H2,1H3,(H,17,18)/b8-7-",,,,,,,
C11143,InChI=1S/C2H6OS/c1-4(2)3/h1-2H3,,,,,,,
C11355,"InChI=1S/C10H11NO5/c1-5(9(12)13)16-8-4-6(10(14)15)2-3-7(8)11/h2-4,7-8H,1,11H2,(H,12,13)(H,14,15)/t7-,8-/m1/s1",,,,,,,
C11434,"InChI=1S/C5H13O7P/c1-5(8,3-6)4(7)2-12-13(9,10)11/h4,6-8H,2-3H2,1H3,(H2,9,10,11)/t4-,5+/m1/s1",,,,,,,
C11435,"InChI=1S/C14H25N3O14P2/c1-14(23,6-18)8(19)5-29-33(26,27)31-32(24,25)28-4-7-10(20)11(21)12(30-7)17-3-2-9(15)16-13(17)22/h2-3,7-8,10-12,18-21,23H,4-6H2,1H3,(H,24,25)(H,26,27)(H2,15,16,22)/t7-,8-,10-,11-,12-,14+/m1/s1",,,,,,,
C11436,"InChI=1S/C14H26N3O17P3/c1-14(6-18,33-35(23,24)25)8(19)5-31-37(28,29)34-36(26,27)30-4-7-10(20)11(21)12(32-7)17-3-2-9(15)16-13(17)22/h2-3,7-8,10-12,18-21H,4-6H2,1H3,(H,26,27)(H,28,29)(H2,15,16,22)(H2,23,24,25)/t7-,8-,10-,11-,12-,14+/m1/s1",,,,,,,
C11437,"InChI=1S/C5H11O7P/c1-3(6)5(8)4(7)2-12-13(9,10)11/h4-5,7-8H,2H2,1H3,(H2,9,10,11)/t4-,5-/m1/s1",,,,,,,
C11457,"InChI=1S/C9H10O3/c10-8-3-1-2-7(6-8)4-5-9(11)12/h1-3,6,10H,4-5H2,(H,11,12)",,,,,,,
C11472,"InChI=1S/C7H16O13P2/c8-2(1-18-21(12,13)14)6-4(10)3(9)5(11)7(19-6)20-22(15,16)17/h2-11H,1H2,(H2,12,13,14)(H2,15,16,17)/t2-,3+,4+,5+,6-,7?/m1/s1",,,,,,,
C11514,"InChI=1S/C7H8O6/c1-13-7(12)4(2-5(8)9)3-6(10)11/h2H,3H2,1H3,(H,8,9)(H,10,11)/b4-2+",,,,,,,
C11811,"InChI=1S/C5H12O8P2/c1-5(4-6)2-3-12-15(10,11)13-14(7,8)9/h2,6H,3-4H2,1H3,(H,10,11)(H2,7,8,9)/b5-2+",,,,,,,
C11838,"InChI=1S/C5H8O4/c1-3(7)5(9)4(8)2-6/h4,6,8H,2H2,1H3/t4-/m0/s1",,,,,,,
C12622,"InChI=1S/C9H10O4/c10-7-3-1-2-6(9(7)13)4-5-8(11)12/h1-5,7,9-10,13H,(H,11,12)/b5-4+/t7-,9+/m0/s1",,,,,,,
C12623,"InChI=1S/C9H8O4/c10-7-3-1-2-6(9(7)13)4-5-8(11)12/h1-5,10,13H,(H,11,12)/b5-4+",,,,,,,
C12624,"InChI=1S/C9H8O6/c10-6(4-5-8(12)13)2-1-3-7(11)9(14)15/h1-5,11H,(H,12,13)(H,14,15)/b2-1+,5-4+,7-3-",,,,,,,
C14818,InChI=1S/Fe/q+2,,,,,,,
C14899,"InChI=1S/C6H11O10P/c7-2(1-16-17(13,14)15)3(8)4(9)5(10)6(11)12/h2-3,5,7-8,10H,1H2,(H,11,12)(H2,13,14,15)/t2-,3+,5-/m0/s1",,,,,,,
C15556,"InChI=1S/C4H9O6P/c1-3(5)4(6)2-10-11(7,8)9/h4,6H,2H2,1H3,(H2,7,8,9)",,,,,,,
C15650,"InChI=1S/C6H11O6PS/c1-14-3-2-5(7)6(8)4-12-13(9,10)11/h2-4H2,1H3,(H2,9,10,11)",,,,,,,
C15667,"InChI=1S/C9H14N3O9P/c13-6-4(2-20-22(17,18)19)21-8(7(6)14)12-3-10-1-5(12)11-9(15)16/h1,3-4,6-8,11,13-14H,2H2,(H,15,16)(H2,17,18,19)/t4-,6-,7-,8-/m1/s1",,,,,,,
C15672,"InChI=1S/C49H60N4O5.Fe/c1-10-35-31(6)40-26-45-49(46(54)19-13-18-30(5)17-12-16-29(4)15-11-14-28(2)3)34(9)41(53-45)24-38-32(7)36(20-22-47(55)56)43(51-38)27-44-37(21-23-48(57)58)33(8)39(52-44)25-42(35)50-40;/h10,14,16,18,24-27,46,54H,1,11-13,15,17,19-23H2,2-9H3,(H4,50,51,52,53,55,56,57,58);/q;+2/p-2/b29-16+,30-18+,38-24-,39-25-,40-26-,41-24-,42-25-,43-27-,44-27-,45-26-;",,,,,,,
C99645,"InChI=1S/C5H12O9P2/c1-5(3-6)4(7)2-12-15(8,9)14-16(10,11)13-5/h4,6-7H,2-3H2,1H3,(H,8,9)(H,10,11)/t4-,5+/m1/s1",,,,,,,
C99646,"InChI=1S/C51H74O2/c1-38(2)20-13-21-39(3)22-14-23-40(4)24-15-25-41(5)26-16-27-42(6)28-17-29-43(7)30-18-31-44(8)32-19-33-45(9)36-37-47-46(10)50(52)48-34-11-12-35-49(48)51(47)53/h11-12,20,22,24,26,28,30,32,34-36,52-53H,13-19,21,23,25,27,29,31,33,37H2,1-10H3/b39-22+,40-24+,41-26+,42-28+,43-30+,44-32+,45-36+",,,,,,,
C99647,"InChI=1S/C51H72O2/c1-38(2)20-13-21-39(3)22-14-23-40(4)24-15-25-41(5)26-16-27-42(6)28-17-29-43(7)30-18-31-44(8)32-19-33-45(9)36-37-47-46(10)50(52)48-34-11-12-35-49(48)51(47)53/h11-12,20,22,24,26,28,30,32,34-36H,13-19,21,23,25,27,29,31,33,37H2,1-10H3/b39-22+,40-24+,41-26+,42-28+,43-30+,44-32+,45-36+",,,,,,,
C99648,"InChI=1S/C49H76O4/c1-36(2)20-13-21-37(3)22-14-23-38(4)24-15-25-39(5)26-16-27-40(6)28-17-29-41(7)30-18-31-42(8)32-19-33-43(9)34-35-45-44(10)46(50)48(52-11)49(53-12)47(45)51/h20,22,24,26,28,30,32,34,50-51H,13-19,21,23,25,27,29,31,33,35H2,1-12H3/b37-22+,38-24+,39-26+,40-28+,41-30+,42-32+,43-34+",,,,,,,
C99649,"InChI=1S/C49H74O4/c1-36(2)20-13-21-37(3)22-14-23-38(4)24-15-25-39(5)26-16-27-40(6)28-17-29-41(7)30-18-31-42(8)32-19-33-43(9)34-35-45-44(10)46(50)48(52-11)49(53-12)47(45)51/h20,22,24,26,28,30,32,34H,13-19,21,23,25,27,29,31,33,35H2,1-12H3/b37-22+,38-24+,39-26+,40-28+,41-30+,42-32+,43-34+",,,,,,,
C99654,"InChI=1S/C5H11O8P/c6-1-2-3(7)4(8)5(12-2)13-14(9,10)11/h2-8H,1H2,(H2,9,10,11)/p-2/t2-,3-,4-,5-/m1/s1",,,,,,,
C99655,"InChI=1S/C16H24N2O15P2/c1-6-4-18(16(24)17-14(6)23)10-3-8(19)9(31-10)5-29-34(25,26)33-35(27,28)32-15-13(22)12(21)11(20)7(2)30-15/h4,7-10,12-13,15,19,21-22H,3,5H2,1-2H3,(H,25,26)(H,27,28)(H,17,23,24)/p-2/t7-,8+,9-,10-,12+,13-,15?/m1/s1",,,,,,,
C99684,"InChI=1S/C16H30OS/c1-2-3-4-5-6-7-8-9-10-11-12-13-14-15-16(17)18/h7-8H,2-6,9-15H2,1H3,(H,17,18)",,,,,,,
C99698,"InChI=1S/C18H34OS/c1-2-3-4-5-6-7-8-9-10-11-12-13-14-15-16-17-18(19)20/h7-8H,2-6,9-17H2,1H3,(H,19,20)",,,,,,,
C99713,"InChI=1S/C14H26OS/c1-2-3-4-5-6-7-8-9-10-11-12-13-14(15)16/h7-8H,2-6,9-13H2,1H3,(H,15,16)",,,,,,,
C99759,"InChI=1S/C50H72O2/c1-38(2)19-12-20-39(3)21-13-22-40(4)23-14-24-41(5)25-15-26-42(6)27-16-28-43(7)29-17-30-44(8)31-18-32-45(9)35-36-46-37-49(51)47-33-10-11-34-48(47)50(46)52/h10-11,19,21,23,25,27,29,31,33-35,37,51-52H,12-18,20,22,24,26,28,30,32,36H2,1-9H3/b39-21+,40-23+,41-25+,42-27+,43-29+,44-31+,45-35+",,,,,,,
C99764,"InChI=1S/C47H72O3/c1-36(2)18-11-19-37(3)20-12-21-38(4)22-13-23-39(5)24-14-25-40(6)26-15-27-41(7)28-16-29-42(8)30-17-31-43(9)32-33-44-34-45(48)35-46(50-10)47(44)49/h18,20,22,24,26,28,30,32,34-35,48-49H,11-17,19,21,23,25,27,29,31,33H2,1-10H3/b37-20+,38-22+,39-24+,40-26+,41-28+,42-30+,43-32+",,,,,,,
C99765,"InChI=1S/C48H76O4/c1-35(2)19-12-20-36(3)21-13-22-37(4)23-14-24-38(5)25-15-26-39(6)27-16-28-40(7)29-17-30-41(8)31-18-32-42(9)33-34-44-43(10)45(49)47(51)48(52-11)46(44)50/h19,21,23,25,27,29,31,33,45-46,49-51H,12-18,20,22,24,26,28,30,32,34H2,1-11H3/p-1/b36-21+,37-23+,38-25+,39-27+,40-29+,41-31+,42-33+",,,,,,,
C99766,"InChI=1S/C48H76O3/c1-36(2)19-12-20-37(3)21-13-22-38(4)23-14-24-39(5)25-15-26-40(6)27-16-28-41(7)29-17-30-42(8)31-18-32-43(9)33-34-45-44(10)46(49)35-47(51-11)48(45)50/h19,21,23,25,27,29,31,33,35,46,48-50H,12-18,20,22,24,26,28,30,32,34H2,1-11H3/b37-21+,38-23+,39-25+,40-27+,41-29+,42-31+,43-33+",,,,,,,
C99772,"InChI=1S/C9H8O3/c10-8-3-1-2-7(6-8)4-5-9(11)12/h1-6,10H,(H,11,12)/b5-4+",,,,,,,
C99775,"InChI=1S/C7H9N5O2/c8-7-11-5-4(6(14)12-7)10-3(2-13)1-9-5/h13H,1-2H2,(H4,8,9,11,12,14)",,,,,,,
C99776,"InChI=1S/C7H11N5O8P2/c8-7-11-5-4(6(13)12-7)10-3(1-9-5)2-19-22(17,18)20-21(14,15)16/h1-2H2,(H,17,18)(H2,14,15,16)(H4,8,9,11,12,13)/p-3",,,,,,,
C99794,"InChI=1S/C28H49N8O17P3S/c1-28(2,23(40)26(41)31-9-8-18(37)30-10-12-57-19(38)7-6-11-36(3,4)5)14-50-56(47,48)53-55(45,46)49-13-17-22(52-54(42,43)44)21(39)27(51-17)35-16-34-20-24(29)32-15-33-25(20)35/h15-17,21-23,27,39-40H,6-14H2,1-5H3,(H7-,29,30,31,32,33,37,41,42,43,44,45,46,47,48)/p+1",,,,,,,
C99796,"InChI=1S/C10H16N2O4S/c13-8(14)4-2-1-3-7-9-6(5-17(7)16)11-10(15)12-9/h6-7,9H,1-5H2,(H,13,14)(H2,11,12,15)/t6-,7-,9-,17?/m0/s1",,,,,,,
C99806,"InChI=1S/C9H12O4/c10-7-3-1-2-6(9(7)13)4-5-8(11)12/h1-3,7,9-10,13H,4-5H2,(H,11,12)/p-1/t7-,9+/m1/s1",,,,,,,
C99808,"InChI=1S/C17H26N3O15P/c18-9-1-2-20(16(29)19-9)14-12(26)11(25)8(33-14)5-32-36(30,31)35-17(15(27)28)3-6(22)10(24)13(34-17)7(23)4-21/h1-2,6-8,10-14,21-26H,3-5H2,(H,27,28)(H,30,31)(H2,18,19,29)/t6-,7-,8-,10-,11-,12-,13-,14-,17+/m1/s1",,,,,,,
C99816,"InChI=1S/C28H49N8O18P3S/c1-28(2,23(41)26(42)31-7-6-18(38)30-8-9-58-19(39)10-16(37)11-36(3,4)5)13-51-57(48,49)54-56(46,47)50-12-17-22(53-55(43,44)45)21(40)27(52-17)35-15-34-20-24(29)32-14-33-25(20)35/h14-17,21-23,27,37,40-41H,6-13H2,1-5H3,(H7-,29,30,31,32,33,38,42,43,44,45,46,47,48,49)/p-3/t16-,17-,21-,22-,23+,27-/m1/s1",,,,,,,
C99818,"InChI=1S/C28H47N8O17P3S/c1-28(2,23(40)26(41)31-9-8-18(37)30-10-12-57-19(38)7-6-11-36(3,4)5)14-50-56(47,48)53-55(45,46)49-13-17-22(52-54(42,43)44)21(39)27(51-17)35-16-34-20-24(29)32-15-33-25(20)35/h6-7,15-17,21-23,27,39-40H,8-14H2,1-5H3,(H7-,29,30,31,32,33,37,41,42,43,44,45,46,47,48)/p+1/b7-6+/t17-,21-,22-,23+,27-/m1/s1",,,,,,,
C99824,"InChI=1S/C18H29N3O15P2/c1-7-5-21(18(27)20-16(7)26)12-4-10(23)11(34-12)6-32-37(28,29)36-38(30,31)35-17-15(25)14(24)13(8(2)33-17)19-9(3)22/h5,8,10-15,17,23-25H,4,6H2,1-3H3,(H,19,22)(H,28,29)(H,30,31)(H,20,26,27)/t8-,10?,11?,12?,13?,14+,15-,17?/m1/s1",,,,,,,
C99834,"InChI=1S/C6H14NO8P/c7-5(6(10)11)3-15-16(12,13)14-2-4(9)1-8/h4-5,8-9H,1-3,7H2,(H,10,11)(H,12,13)/t4?,5-/m0/s1",,,,,,,
C99837,"InChI=1S/C16H23N5O15P2/c1-4-7(22)9(24)11(26)15(33-4)35-38(30,31)36-37(28,29)32-2-5-8(23)10(25)14(34-5)21-3-18-6-12(21)19-16(17)20-13(6)27/h3-5,8-11,14-15,23-26H,2H2,1H3,(H,28,29)(H,30,31)(H3,17,19,20,27)/p-2/t4-,5+,8+,9+,10+,11-,14+,15?/m0/s1",,,,,,,
C99851,"InChI=1S/C100H184N2O38P2/c1-6-11-16-21-26-31-32-33-34-39-44-49-54-59-82(113)131-73(58-53-48-43-38-30-25-20-15-10-5)63-81(112)102-86-94(135-84(115)62-72(107)57-52-47-42-37-29-24-19-14-9-4)92(139-141(123,124)125)79(69-130-99(97(119)120)65-77(88(117)91(137-99)76(110)67-104)136-100(98(121)122)64-74(108)87(116)90(138-100)75(109)66-103)133-95(86)129-68-78-89(118)93(134-83(114)61-71(106)56-51-46-41-36-28-23-18-13-8-3)85(96(132-78)140-142(126,127)128)101-80(111)60-70(105)55-50-45-40-35-27-22-17-12-7-2/h70-79,85-96,103-110,116-118H,6-69H2,1-5H3,(H,101,111)(H,102,112)(H,119,120)(H,121,122)(H2,123,124,125)(H2,126,127,128)/p-6/t70-,71-,72-,73-,74-,75-,76-,77-,78-,79-,85-,86-,87-,88-,89-,90-,91-,92-,93-,94-,95-,96-,99-,100-/m1/s1",,,,,,,
C99856,"InChI=1S/C114H208N2O39P2/c1-7-13-19-25-31-37-39-40-42-48-54-59-65-71-95(126)145-85(69-63-57-51-45-35-29-23-17-11-5)75-94(125)116-100-108(150-98(129)76-86(70-64-58-52-46-36-30-24-18-12-6)146-96(127)72-66-60-53-47-41-38-32-26-20-14-8-2)106(154-156(137,138)139)92(82-144-113(111(133)134)78-90(102(131)105(152-113)89(123)80-118)151-114(112(135)136)77-87(121)101(130)104(153-114)88(122)79-117)148-109(100)143-81-91-103(132)107(149-97(128)74-84(120)68-62-56-50-44-34-28-22-16-10-4)99(110(147-91)155-157(140,141)142)115-93(124)73-83(119)67-61-55-49-43-33-27-21-15-9-3/h37,39,83-92,99-110,117-123,130-132H,7-36,38,40-82H2,1-6H3,(H,115,124)(H,116,125)(H,133,134)(H,135,136)(H2,137,138,139)(H2,140,141,142)/p-6/b39-37-/t83-,84-,85-,86-,87-,88-,89-,90-,91-,92-,99-,100-,101-,102-,103-,104-,105-,106-,107-,108-,109-,110-,113-,114-/m1/s1",,,,,,,
C99857,"InChI=1S/C68H130N2O23P2/c1-5-9-13-17-21-25-29-33-37-41-51(72)45-57(76)69-61-65(90-59(78)47-53(74)43-39-35-31-27-23-19-15-11-7-3)63(80)56(89-68(61)93-95(84,85)86)50-87-67-62(70-58(77)46-52(73)42-38-34-30-26-22-18-14-10-6-2)66(64(55(49-71)88-67)92-94(81,82)83)91-60(79)48-54(75)44-40-36-32-28-24-20-16-12-8-4/h51-56,61-68,71-75,80H,5-50H2,1-4H3,(H,69,76)(H,70,77)(H2,81,82,83)(H2,84,85,86)/t51-,52-,53-,54-,55-,56-,61-,62-,63-,64-,65-,66-,67-,68-/m1/s1",,,,,,,
C99859,"InChI=1S/C42H72O36/c43-1-8-15(49)21(55)27(61)36(67-8)66-7-14-32(74-37-28(62)22(56)16(50)9(2-44)68-37)34(76-39-30(64)24(58)18(52)11(4-46)70-39)35(77-40-31(65)25(59)19(53)12(5-47)71-40)42(73-14)78-41-33(26(60)20(54)13(6-48)72-41)75-38-29(63)23(57)17(51)10(3-45)69-38/h8-65H,1-7H2/t8-,9-,10-,11-,12-,13-,14-,15-,16-,17-,18-,19-,20-,21+,22+,23+,24+,25+,26+,27-,28-,29-,30-,31-,32-,33-,34+,35-,36+,37-,38-,39-,40-,41-,42?/m1/s1",,,,,,,
C99860,"InChI=1S/C30H52O26/c31-1-6-11(36)12(37)18(43)27(49-6)54-23-8(3-33)51-29(20(45)14(23)39)56-25-10(5-35)52-30(21(46)16(25)41)55-24-9(4-34)50-28(19(44)15(24)40)53-22-7(2-32)48-26(47)17(42)13(22)38/h6-47H,1-5H2/t6-,7-,8-,9-,10-,11-,12+,13-,14-,15-,16-,17-,18-,19-,20-,21-,22-,23-,24-,25-,26?,27-,28-,29-,30-/m1/s1",,,,,,,
C99903,"InChI=1S/C14H26O2/c1-2-3-4-5-6-7-8-9-10-11-12-13-14(15)16/h2H,1,3-13H2,(H,15,16)/p-1",,,,,,,
C99906,"InChI=1S/C71H116N2O18P2/c1-48(2)25-15-26-49(3)27-16-28-50(4)29-17-30-51(5)31-18-32-52(6)33-19-34-53(7)35-20-36-54(8)37-21-38-55(9)39-22-40-56(10)41-23-42-57(11)43-24-44-58(12)45-46-86-92(82,83)91-93(84,85)90-71-63(73-60(14)76)65(78)67(61(47-74)87-71)88-70-62(72-59(13)75)64(77)66(79)68(89-70)69(80)81/h25,27,29,31,33,35,37,39,41,43,45,61-68,70-71,74,77-79H,15-24,26,28,30,32,34,36,38,40,42,44,46-47H2,1-14H3,(H,72,75)(H,73,76)(H,80,81)(H,82,83)(H,84,85)/p-3/b49-27+,50-29+,51-31+,52-33+,53-35+,54-37+,55-39+,56-41+,57-43+,58-45+/t61-,62+,63-,64-,65-,66+,67-,68+,70-,71-/m1/s1",,,,,,,
C99907,"InChI=1S/C79H129N3O22P2/c1-50(2)27-17-28-51(3)29-18-30-52(4)31-19-32-53(5)33-20-34-54(6)35-21-36-55(7)37-22-38-56(8)39-23-40-57(9)41-24-42-58(10)43-25-44-59(11)45-26-46-60(12)47-48-97-105(93,94)104-106(95,96)103-78-68(82-64(16)86)70(88)73(65(49-83)99-78)100-77-67(81-63(15)85)71(89)74(75(102-77)76(91)92)101-79-72(90)69(87)66(61(13)98-79)80-62(14)84/h27,29,31,33,35,37,39,41,43,45,47,61,65-75,77-79,83,87-90H,17-26,28,30,32,34,36,38,40,42,44,46,48-49H2,1-16H3,(H,80,84)(H,81,85)(H,82,86)(H,91,92)(H,93,94)(H,95,96)/p-3/b51-29+,52-31+,53-33+,54-35+,55-37+,56-39+,57-41+,58-43+,59-45+,60-47+/t61-,65-,66+,67+,68-,69+,70-,71-,72-,73-,74+,75+,77-,78-,79-/m1/s1",,,,,,,
C99960,InChI=1S/H2S/h1H2,,,,,,,
C99964,"InChI=1S/C3H4O3S/c4-2(5)1-3(6)7/h1H2,(H,4,5)(H,6,7)",,,,,,,
C99966,"InChI=1S/C2H4OS/c1-2(3)4/h1H3,(H,3,4)",,,,,,,
C99972,"InChI=1S/C14H28O2S/c1-2-3-4-5-6-7-8-9-10-11-13(15)12-14(16)17/h13,15H,2-12H2,1H3,(H,16,17)/t13-/m1/s1",,,,,,,
C99973,"InChI=1S/C12H24OS/c1-2-3-4-5-6-7-8-9-10-11-12(13)14/h2-11H2,1H3,(H,13,14)",,,,,,,
C99974,"InChI=1S/C4H6O2S/c1-3(5)2-4(6)7/h2H2,1H3,(H,6,7)",,,,,,,
C99991,"InChI=1S/C14H28OS/c1-2-3-4-5-6-7-8-9-10-11-12-13-14(15)16/h2-13H2,1H3,(H,15,16)",,,,,,,
C99994,"InChI=1S/C16H32OS/c1-2-3-4-5-6-7-8-9-10-11-12-13-14-15-16(17)18/h2-15H2,1H3,(H,17,18)",,,,,,,
C99995,"InChI=1S/C50H70O2/c1-38(2)19-12-20-39(3)21-13-22-40(4)23-14-24-41(5)25-15-26-42(6)27-16-28-43(7)29-17-30-44(8)31-18-32-45(9)35-36-46-37-49(51)47-33-10-11-34-48(47)50(46)52/h10-11,19,21,23,25,27,29,31,33-35,37H,12-18,20,22,24,26,28,30,32,36H2,1-9H3/b39-21+,40-23+,41-25+,42-27+,43-29+,44-31+,45-35+",,,,,,,
C95000,"InChI=1S/C6H10O7/c7-1-2(8)3(9)4(10)5(11)6(12)13/h2-4,7-10H,1H2,(H,12,13)/p-1/t2-,3-,4+/m1/s1",,,,,,,
C95002,"InChI=1S/C7H8O2/c8-5-6-1-3-7(9)4-2-6/h1-4,8-9H,5H2",,,,,,,
C95003,,,,,,,,
C95004,,,,,,,,
C95005,,,,,,,,
C95006,,,,,,,,
C95007,,,,,,,,
C95008,,,,,,,,
C95010,,,,,,,,
C95012,,,,,,,,
C95013,,,,,,,,
C95014,,,,,,,,
C95015,,,,,,,,
C95016,,,,,,,,
C95017,,,,,,,,
C95018,,,,,,,,
C95019,,,,,,,,
C95020,,,,,,,,
C95021,,,,,,,,
C95022,,,,,,,,
C95023,,,,,,,,
C95011,"InChI=1S/C5H6O3/c1-3-5(7)4(6)2-8-3/h7H,2H2,1H3",,,,,,,
