reaction,v,drG,Gdiss,drG0_prime,drG_error,drG_conc,b,condition
2DGLCNRx,0.0,12.007249938408581,0.0,-12.039020564410293,-0.5964560741070031,24.642726576925877,0.0,0
2DGLCNRy,0.0,-13.004519860523805,-0.0,-11.923219467849435,-0.4897672546653755,-0.5915331380089945,1.0,0
2DGULRx,-0.10087348605772838,5.532508105066164,-0.5580833792006609,-17.038422941969884,-0.3987617736780251,22.969692820714073,0.0,0
2DGULRy,0.10087348605772838,-19.479240207064628,-1.9649388654424758,-16.922621845408912,-0.2920514674349164,-2.264566894220799,1.0,0
A5PISO,0.029478951755141994,-17.63911175025227,-0.5199825242892449,-2.4157136054545845,-0.14695457080439667,-15.076443573993288,1.0,0
AACPS1,0.0,292.42276409563397,0.0,916.0655666675759,-607.2792269801307,-16.36357559181124,0.0,0
AACPS2,0.0,756.4411088186374,0.0,856.9357529276244,-85.00340887287166,-15.491235236115358,0.0,0
AACPS3,0.0,294.6236231418402,0.0,963.4358808620411,-654.3382315164199,-14.474026203781023,0.0,0
AACPS4,0.0,149.9138860977215,0.0,879.1395817875648,-714.1022151266225,-15.123480563220824,0.0,0
AACPS5,0.0,284.6907222067391,0.0,924.4745687862244,-624.2517376234755,-15.532108956009779,0.0,0
ABTA,0.0,30.341007524691783,0.0,6.4594189900542744,0.40051625168191407,23.481072282955594,0.0,0
ABUTD,0.0,-81.76982433717114,-0.0,-60.168000173662904,-6.325757820629022,-15.276066342879218,1.0,0
ACALDi,-0.437156616316468,0.818974548336378,-0.35802014240003865,-23.140905902545228,-0.8785663705020141,24.83844682138362,0.0,0
ACCOACr,0.07362785705611438,-23.908929490506143,-1.760363242891704,-15.227763898282774,-0.6832974223733679,-7.997868169850001,1.0,0
ACCOAL,0.0,35.87316012390097,0.0,12.288345085057244,-1.911873650174865,25.4966886890186,0.0,0
ACGK,0.3995322127608159,-1.8197426674055208,-0.7270458145637972,22.151307380740946,2.588570271877469,-26.559620320023935,1.0,0
ACGS,0.3995322127608159,-54.50172554578021,-21.775195006588255,-21.100645026779432,2.5159501964158935,-35.91703071541667,1.0,0
ACHBS,0.19371882581950456,-15.063995078129427,-2.9181794386860282,-16.383953863831096,-3.9007968654676226,5.220755651169291,1.0,0
ACKr,-4.358861294433118,17.991083189106945,-78.4206361579246,13.770974779175049,0.18053657918931876,4.039571830742577,0.0,0
ACLS,0.582601647975941,-32.21661032277031,-18.769450266244696,-25.48615637815834,-1.2754283370338761,-5.45502560757809,1.0,0
ACOATA,0.5890705300992153,-8.760791047166208,-5.160723826242657,862.6478544692484,-839.9714456336806,-31.437199882734035,1.0,0
ACODA,0.0,-59.515805435347225,-0.0,-14.457851307406742,-4.4753670150327665,-40.58258711290772,1.0,0
ACONT,1.1533639618694653,-6.427730056005959,-7.413512203222473,6.534314992063855,-0.007956991777337663,-12.954088056292477,1.0,0
ACOTA,0.0,-8.990308213299858,-0.0,4.616219619201445,-8.52375210300788,-5.082775729493424,1.0,0
ACS,-3.731689099946855,11.658750313168852,-43.50683146265419,-10.382994746706572,-0.43323852329203305,22.474983583167457,0.0,0
ADA,0.041152786531429675,-24.944846858198026,-1.0265499578146275,-18.164955099321105,-0.36414058450867515,-6.415751174368246,1.0,0
ADCL,0.035093990184692864,-155.070382640297,-5.442038486315149,-143.12886090424527,6.33237565165339,-18.273897387705116,1.0,0
ADCS,0.035093990184692864,-23.387117092565404,-0.820747257694753,-18.4494782759063,-2.2937398148774903,-2.6438990017816124,1.0,0
ADD,0.02532241789420338,-45.968377206363044,-1.1640304575378984,-19.75980895629374,-0.8221373011724786,-25.386430948896827,1.0,0
ADK1,0.05723842008729973,-5.540634978574468,-0.3171371924540323,0.2857439554463781,-0.0021640932104691757,-5.824214840810377,1.0,0
ADK3,0.06357236930722601,-4.568302225011316,-0.2904177961554417,3.1056823909420928,-0.40977889833350023,-7.264205717619909,1.0,0
ADMDCr,0.004913158625857,-50.0269164903755,-0.24579017627971617,-26.605602661293005,0.876981007414539,-24.29829483649704,1.0,0
ADNK1,0.16254240303648393,-5.593843710821179,-0.909236798967397,-17.62418069607304,0.3710245975205595,11.659312387731301,1.0,0
ADPT,0.10564069271493944,-31.780961652773307,-3.3573628041458985,-22.84028495094526,-0.7556863109938625,-8.184990390834184,1.0,0
ADSK,0.16357940517061387,-20.242508572464992,-3.3112575114448752,-12.107929138603822,2.532718050920355,-10.667297484781525,1.0,0
ADSL1r,0.279635402198593,-9.005267503007403,-2.5181916001093945,15.838911563962029,0.04402094710526683,-24.888200014074698,1.0,0
ADSL2r,0.3454013715867673,-5.694596968119093,-1.9669216034221815,23.51254254664309,0.24893068264597318,-29.456070197408156,1.0,0
ADSS,0.279635402198593,-13.341939623312575,-3.7308786526743565,-4.927995041384747,-0.8466285800586899,-7.567316001869138,1.0,0
AGMHE,0.017687371053085196,-0.5,-0.008843685526542598,0.0,0.0,-0.5,1.0,0
AGPR,-0.3995322127608159,14.47811699534411,-5.784474119759808,-0.039562877958587706,2.5375473911505395,11.980132482152158,0.0,0
AICART,0.4085705539289087,-2.760236143542702,-1.1277512101418365,11.807916473969954,-1.0530106506880657,-13.51514196682459,1.0,0
AIRC2,0.3454013715867673,-42.05446187619927,-14.525668813382644,-94.14824152207859,33.48631910399661,18.607460541882713,1.0,0
AIRC3,-0.3454013715867673,1.1638236428908684,-0.401986282539614,-60.28690524714307,38.57783857141801,22.872890318615923,0.0,0
ALAALAr,0.019371882581950453,-8.406135211992783,-0.16284266429472338,-23.390534995100438,13.884211913143186,1.1001878699644685,1.0,0
ALAR,0.0922911682754165,-6.844170084939731,-0.6316564530147444,-0.04100706798374176,-0.29670992089051484,-6.506453096065474,1.0,0
ALATAD2,0.053547403098564414,-7.385717800464352,-0.3954860082337072,-1.8988469470813811,8.667516563244721,-14.154387416627692,1.0,0
ALATAL,-0.6294409951253571,5.620054394698125,-3.5374926308574244,0.19007159779101812,-0.2684476756737917,5.698430472580899,0.0,0
ALATAL2,0.03330142464248424,-14.229901451382633,-0.47387599085319587,-1.9398540150651797,8.370793076375714,-20.660840512693166,1.0,0
ALDD2x,0.07428475780695575,-99.851103226676,-7.4174150199509645,-60.660029419243926,-2.0399984759928813,-37.15107533143918,1.0,0
AMALT1,0.0,35.841085233701804,0.0,5.255806525947605,-1.948763888223347,32.534042595977546,0.0,0
AMALT2,0.0,4.5800389218673665,0.0,7.281667493954956,-1.9454602770129306,-0.7561682950746587,0.0,0
AMALT3,0.0,41.73947003786635,0.0,5.25587681928198,-1.9487638882232616,38.43235710680763,0.0,0
AMALT4,0.0,4.291701884403821,0.0,5.255858712071927,-1.9487638882232403,0.9846070605551347,0.0,0
AMPN,0.23815271873188698,-50.29242546693099,-11.977277856570407,-18.037638398646322,-1.3196391570308883,-30.935147911253775,1.0,0
ANPRT,0.03790150939946828,-63.83876965050086,-2.4195857279589483,-60.114986931237354,5.97613184014407,-9.699914559407574,1.0,0
ANS,0.03790150939946828,-181.8580736133884,-6.8926954864270344,-161.57904918273172,4.038631405162036,-24.31765583581874,1.0,0
APRAUR,7.0187980369385715e-06,-28.428548271251657,-0.00019953423879927456,-22.816016874876595,2.495643665541486,-8.108175061916548,1.0,0
ARGSL,0.19722822483797386,-23.88160451677591,-4.710126465126251,11.626420427775543,0.05994731795798458,-35.567972262509436,1.0,0
ARGSS,0.19722822483797386,-43.08784738100568,-8.498139651045292,-9.033846057265123,0.26914134764786724,-34.323142671388425,1.0,0
ASAD,-0.350659149925451,2.36501463566578,-0.8293140217038126,-28.15578749059796,1.989482377171747,28.531319749091992,0.0,0
ASNN,0.09937997602388027,-34.62748523240874,-3.4412786521640486,-17.824033654278708,-7.805675322480553,-8.997776255649477,1.0,0
ASNS1,0.047903481792494575,-85.32567960394393,-4.087397139339753,-44.81139325316707,4.876737800971711,-45.39102415174857,1.0,0
ASNS2,0.21220696929012087,-54.38384028030343,-11.540629924241188,-30.07808460912645,6.211006642828874,-30.516762314005863,1.0,0
ASP1DC,4.1410910039633364e-05,-58.001082695298976,-0.0024018776176963613,-24.839738209991708,0.8059458707424199,-33.96729035604969,1.0,0
ASPCT,0.5648507799329393,-10.664994914016363,-6.024130695162974,-22.25984964634597,1.0097217424963585,10.585132989833248,1.0,0
ASPK,0.350659149925451,-2.934178388373862,-1.0288964993968084,20.35924740285077,-7.795528565924567,-15.497897225300065,1.0,0
ASPO3,0.2578588658575617,-86.79222342430097,-22.380144297446346,-65.25677808290493,2.064107006777377,-23.599552348173418,1.0,0
ASPO4,-0.6595427901982186,16.262502694484464,-10.725816402726332,17.26964166581911,8.799132663999611,-9.806271635334255,0.0,0
ASPO5,0.3597874684581113,-13.660374350166888,-4.914831505636663,-1.9400043667059208,9.8931877383863,-21.61355772184727,1.0,0
ASPO6,0.04381258951956241,-89.50169552702104,-3.9213010474302283,-73.08686676953951,7.144550528808502,-23.559379286290046,1.0,0
ASPT,0.05755234079397823,-19.309614698955116,-1.1113135257546762,12.947833212315288,0.047690266584169194,-32.30513817785457,1.0,0
ASPTA,-2.118745763856964,9.640812455607964,-20.42643055045883,2.8351233361653385,0.28799836805844947,6.517690751384176,0.0,0
AST,0.0,-36.928685151779035,-0.0,-7.243269157251689,-6.780634086211155,-22.904781908316192,1.0,0
ATPHYD,3.15,-48.06351382000797,-151.4000685330251,-32.20259350561332,-0.8501710934915736,-15.01074922090307,1.0,0
ATPPRT,0.06316918233244713,-92.73228645390361,-5.857822711111354,-133.96944005926434,66.80983198844112,-25.572678383080387,1.0,0
BETALDHx,0.0,-73.75517981723344,-0.0,-50.93423887230108,-0.9099704615605617,-21.9109704833718,1.0,0
BETALDHy,0.0,-48.74341001925986,-0.0,-51.05003996886205,-1.0166592819608837,3.3232892315630735,1.0,0
BPNT,0.16357940517061387,-24.563332772635025,-4.018055363955483,-16.388168265985087,-4.980182080608028,-3.1949824260419106,1.0,0
BSORx,0.0,10.981378579639127,0.0,50.19986467555708,-60.83388327015564,21.615397174237685,0.0,0
BSORy,0.0,-14.030394007870996,-0.0,50.31566577211805,-60.727197239291854,-3.6188625406971937,1.0,0
C120SN,0.029478951755141994,-41.7032250529046,-1.2293673593684036,-3152.670358231482,3207.7583399310242,-96.79120675244667,1.0,0
C140SN,0.009698575130679248,-66.88633294337433,-0.6487021252669424,-4016.5192922491933,4067.4524142893497,-117.8194549835307,1.0,0
C141SN,0.009506961941188562,-1310.473721974393,-12.458623799738275,-3994.269396116878,2794.3960766587406,-110.6004025162556,1.0,0
C160SN,0.06845012597862235,-131.51858582037949,-9.00246376793523,-4811.545197749318,4817.576987028588,-137.5503750996495,1.0,0
C161SN,0.013309746717663988,-206.42423350466106,-2.747454264334967,-4826.587194300626,4751.710212866543,-131.547252070578,1.0,0
C181SN,0.09506961941188562,-132.9542543326079,-12.639910358592076,-5615.258279708086,5635.168409583508,-152.86438420803006,1.0,0
CAT,0.06533070863030553,-151.28304759139024,-9.883428702897762,-192.0847450883411,3.1358698308436743,37.66582766610718,1.0,0
CBMK,-0.03132115539861722,35.02081646251268,-1.0968924346088118,24.180803321882877,-0.952037288899902,11.792050429529702,0.0,0
CBPS,0.7934001601553533,-43.98452933484705,-34.89733261862549,-22.755098827771917,-3.1364698779484392,-18.092960629126697,1.0,0
CDAPPAEC,0.06530932679211297,-78.57825486884641,-5.131892925983433,-86.55718704935589,28.64568295775122,-20.666750777241745,1.0,0
CHORM,0.2154770997340141,-67.07023315882296,-14.452099319547274,-60.66415679366594,-2.7117788900142017,-3.6942974751428146,1.0,0
CHORS,0.28847259931817526,-30.422733784572074,-8.776125093200374,-30.067089234420337,0.1640078282861417,-0.519652378437879,1.0,0
CITL,0.05244634442483274,-40.78120122055302,-2.1388249252715332,3.676211892110132,-0.7713900674711098,-43.686023045192044,1.0,0
CLPNSEC,0.004527124733825378,-371.30051967703366,-1.6809237663121155,-76.25498570548552,-261.2812256220991,-33.764308349449,1.0,0
CMPN,0.023107313349294105,-49.21159127250567,-1.1371476599511756,-19.86013010040344,0.5344155109222264,-29.885876683024467,1.0,0
CS,1.2058103062685237,-59.88889106342363,-72.2146420752691,-41.19533540880866,-0.39005654698421566,-18.303499107630753,1.0,0
CSND,0.023107313349294105,-57.50709732779839,-1.328834517761791,-24.40033806778891,-7.417079083970272,-25.68968017603921,1.0,0
CTPS2,0.16544555079578321,-38.20163355300576,-6.320290304475711,-19.909058871402976,3.8896155805686057,-22.182190262171385,1.0,0
CYSS,0.20517520667239142,-49.081757648879794,-10.07035976945314,-51.16766062238594,3.0898302757310887,-1.0039273022249446,1.0,0
CYSTL,0.10247445133930312,-30.131977150364378,-3.087757826252008,5.092292176926264,-6.01417552654679,-29.210093800743852,1.0,0
cytd,0.028776020839966186,-28.18697534444313,-0.8111089899273086,-14.03601750519175,-0.3041748227679051,-13.846783016483474,1.0,0
CYTDK2,0.11172411608188323,-1.9295766879130358,-0.2155802498692918,-7.658135661575216,4.5573353818505336,1.1712235918116463,1.0,0
CYTK1,0.1870376848414275,-3.7083371231456663,-0.6935987901246851,1.7563366004901582,0.8380794304435017,-6.302753154079326,1.0,0
CYTK2,0.08996508274641198,-1.2068015182587621,-0.10856999844864514,1.380558659031749,3.0776199620405422,-5.664980139331053,1.0,0
DAAD,0.0,21.62456864562544,0.0,20.603941386730526,0.12069632915013528,0.8999309297447802,0.0,0
DADA,0.0,-35.33927350421217,-0.0,-16.970913861927897,-0.8379536497556153,-17.53040599252866,1.0,0
DADK,0.0,19.549039562215654,0.0,6.293722246634616,2.2395564933956074,11.015760822185431,0.0,0
DAGKEC,0.008494657434595612,-58.25828993384607,-0.49488421571337227,-324.34356838023086,271.58304311383813,-5.497764667453367,1.0,0
DAPDC,0.2288128160041974,-39.07021879184339,-8.939766783661797,-21.227045679011383,0.4292704318409548,-18.27244354467296,1.0,0
DAPE,0.24818469858614786,-7.2066817671142935,-1.7885881421775485,-1.653011966054919,-0.520563660792309,-5.033106140267066,1.0,0
DASYNEC,0.1721705269044405,-9.00563403464983,-1.5505047568542238,33.26733520668449,-30.881939829732584,-11.391029411601739,1.0,0
DB4PS,1.4037596073877143e-05,-125.28068295668453,-0.0017586396232054018,-82.66685495960837,-0.4403038181533603,-42.17352417892281,1.0,0
DCTPD,0.004120607056294318,-65.8509611789942,-0.2713459352979267,-31.218196614200735,-5.311953218269952,-29.32081134652351,1.0,0
DCYTD,0.0031770073099611387,-42.92066024099529,-0.13635925133400045,-21.149483708643288,-5.311953218269931,-16.459223314082063,1.0,0
DDPA,0.28847259931817526,-63.992537202380284,-18.46009354373567,-73.76674813567433,0.9527252035377742,8.821485729756276,1.0,0
DGK1,0.15843416466242835,-3.9448964787573466,-0.6250063782916753,5.027642008166595,-1.0014584532053803,-7.971080033718561,1.0,0
DHAD1,0.582601647975941,-27.28596138184833,-15.896846067672723,-34.70584045635212,-0.5497648009374494,7.969643875441239,1.0,0
DHAD2,0.19371882581950456,-31.592559917443108,-6.120073611839422,-34.70308438918221,-0.5497648009244713,3.6602892726635723,1.0,0
DHAPT,0.07542039217380114,-34.0973474972387,-2.5716353203281197,-39.787490832909725,-1.4680462929537832,7.158189628624815,1.0,0
DHDPRy,0.24818469858614786,-30.556185296272965,-7.583577637697989,-33.80389007777859,1.6888562673088998,1.5588485141967254,1.0,0
DHDPS,0.24818469858614786,-75.6789811629349,-18.78236512922976,-125.8166685131913,16.609343835734123,33.52834351452228,1.0,0
DHFR,0.052430421335931135,-29.483255023133367,-1.5458194832175904,-19.505920523041254,-0.8720877719400519,-9.10524672815206,1.0,0
DHFS,0.035093990184692864,-33.11192728451548,-1.1620296511190502,-24.833297660469157,4.106592115150804,-12.385221739197128,1.0,0
DHNPA2,0.035093990184692864,-17.941761353570968,-0.6296479968383213,6.474001075327095,0.2076990657261497,-24.623461494624213,1.0,0
DHORD2,0.13615989295038033,-127.25507141850994,-17.32703690173732,-114.74976967675133,-4.519021588105641,-7.986280153652974,1.0,0
DHORD5,0.42869088698255897,-24.20034719915843,-10.374468306093114,-32.223349928027744,2.2160021696831302,5.807000559186185,1.0,0
DHORTS,-0.5648507799329393,3.0204374468049604,-1.7060964475664377,-9.808171622176928,-0.25033240978194904,13.078941478763838,0.0,0
DHPPDA2,7.0187980369385715e-06,-97.11254653493671,-0.0006816133509815194,-26.55002300056117,-55.136308213928714,-15.426215320446829,1.0,0
DHPS2,0.035093990184692864,-76.71212570746292,-2.6921345866246287,-79.9232892840032,0.07291726841693702,3.1382463081233354,1.0,0
DHQD,0.28847259931817526,-8.620257142440165,-2.48670798467078,-5.290238226517715,0.5640255437880359,-3.8940444597104857,1.0,0
DHQS,0.28847259931817526,-140.9168237959265,-40.650642448072205,-129.47436264500038,-6.887793231062261,-4.554667919863846,1.0,0
DKGLCNR1,0.0,-28.429470554245626,-0.0,-19.35426539079151,3.6579462307034447,-12.73315139415756,1.0,0
DKGLCNR2x,0.0,9.079121475925323,0.0,-20.34662321555004,0.8507400460481662,28.575004645427196,0.0,0
DKGLCNR2y,0.0,-15.932648323020317,-0.0,-20.230822118989067,0.9574288654764267,3.340744930492324,1.0,0
DKMPPD,0.0024573551627876888,-560.6209581860028,-1.377644805965355,-542.4194991697743,-3.8163921270860257,-14.38506688914243,1.0,0
DKMPPD2,0.002455803482526687,-276.52342778843104,-0.6790871969630458,-233.40559829965758,-6.26340870827589,-36.85442078049756,1.0,0
DMPPS,0.0,-44.27335827325741,-0.0,-55.37967462752863,1.0926853827135972,10.013630971557625,1.0,0
DMSOR1,0.0,-220.7482998717264,-0.0,-209.0740817125668,1.383779145849985,-13.05799730500958,1.0,0
DMSOR2,0.0,-148.44685797852134,-0.0,-156.71936628307049,1.4689679304656638,6.803540374083485,1.0,0
DNMPPA,0.035093990184692864,-27.100037161870894,-0.951048438163509,-13.001188994192603,-2.57376908375063,-11.525079083927661,1.0,0
DNTPPA,0.035093990184692864,-114.66467075477006,-4.024040829998939,-77.26306111643112,-5.420997708595248,-31.98061192974369,1.0,0
DPCOAK,4.1410910039633364e-05,-14.384069636141353,-0.0005956574137060713,-0.2932216131869154,3.916687745150858,-18.007535768105296,1.0,0
DPR,4.1410910039633364e-05,-20.5943435747564,-0.0008528305090995387,-13.27421799620339,0.3661541813273175,-7.686279759880328,1.0,0
DRPA,0.0,11.72955562406647,0.0,20.24301337413408,0.7160252375057023,-9.229482987573313,0.0,0
DTMPK,0.08515662070877623,-2.6279928441631806,-0.22379098985578205,-1.5687461659117616,1.7825353276842617,-2.8417820059356806,1.0,0
DURIK1,0.11997455387228607,-22.75693904850216,-2.7302536098428534,-15.605049379307047,2.885656965328849,-10.037546634523963,1.0,0
DURIPP,0.0,-28.915900148393746,-0.0,4.943729118637066,1.30339639175601,-35.16302565878682,1.0,0
DUTPDP,0.013339864444649357,-90.56373110541162,-1.2081078965478655,-52.876670090483,-5.996007892351237,-31.69105312257738,1.0,0
EDA,8.877451993550379,-3.197235669189947,-28.383306165300674,16.455387772346057,1.1810330268748714,-20.833656468410876,1.0,0
EDD,8.877451993550379,-50.121678253953874,-444.9527925356535,-42.8221639310932,-1.7277694359098064,-5.571744886950867,1.0,0
EDTXS1,0.005895790351028399,-280.4252883401731,-1.653328709180349,-959.4399230506574,669.3947868366959,9.619847873788483,1.0,0
EDTXS2,0.005895790351028399,-318.6427318861306,-1.8786507440795779,-929.5958684690909,603.3084639916196,7.644672591340594,1.0,0
ENO,8.040771622670265,-2.2886631115862324,-18.40261740149481,-3.794871055102476,-0.1293400524441859,1.6355479959604295,1.0,0
ETHAAL,0.0,-50.339238361786215,-0.0,-38.81883029283239,-3.3174360226235855,-8.202972046330249,1.0,0
F6PA,0.17924915337478176,-12.907692857089515,-2.3136930166550136,20.30956714093827,1.1385265862230156,-34.3557865842508,1.0,0
FAO1,0.0,294.1672137349154,0.0,134.2957774592419,-6.771460462487767,166.64289673816126,0.0,0
FAO2,0.0,349.46657499237887,0.0,168.86073097469557,-11.458772052087795,192.0646160697711,0.0,0
FBA,0.11883983816906611,-6.166957615035937,-0.7328802449663606,24.299623989783868,0.3283292783291891,-30.794910883148994,1.0,0
FBP,0.0862843491901545,-26.603739491210497,-2.29548634802351,-10.692012301936984,-0.8428186887632396,-15.068908500510274,1.0,0
FMNAT,7.0187980369385715e-06,-26.56335190045876,-0.00018644280217344842,1.4344084518927502,-1.1040400549491665,-26.893720297402343,1.0,0
FRD2,0.22502226002627904,-29.92288871980933,-6.733316046246347,-19.209646032524688,1.0940433992283651,-11.807286086513006,1.0,0
FRD3,0.0,42.37855356213029,0.0,33.14506939697003,1.1792325725802009,8.054251592580062,0.0,0
FRUK,0.0,-16.903047070330658,-0.0,-22.38296451249016,0.00946667479824903,5.470450767361259,1.0,0
FTHFD,0.01172869407502521,-77.34387423424653,-0.9071426394707022,-29.98381923482293,-3.16844587999897,-44.191609119424626,1.0,0
fum,1.2536714856193747,-11.794876940791823,-14.78690089706019,-3.4228570912509895,0.17513118322303356,-8.547151032763868,1.0,0
G1PACT,0.050535345865957704,-31.106250857323907,-1.571965145668107,-17.837726312532595,5.869670253180395,-19.138194797971703,1.0,0
G1PP,0.060525704271728105,-23.301249257089296,-1.4103245216964109,-16.518350331860347,-0.6343932183791523,-6.148505706849797,1.0,0
G3PD2,-0.06225717788678806,40.65884836719773,-2.531305155468571,19.91035582423251,0.05035206237509726,20.69814048059012,0.0,0
G3PD5,0.403576212981815,-96.1801557436519,-38.81602301902419,-98.90641312534171,-4.625704988787792,7.351962370477612,1.0,0
G3PD6,-0.3533706295071005,6.874567047451908,-2.4292700851468503,-16.37999337661813,2.109317340753268,21.14524308331677,0.0,0
G3PD7,0.0,-65.42687484578335,-0.0,-68.73470880611376,2.0241285561067084,1.2837054042237046,1.0,0
G5SADs,0.17282503616789882,-22.88296431282296,-3.9547491349923662,-14.882685060013415,2.154234836113506,-10.154514088923051,1.0,0
G5SD,0.0,1.3634253061518207,0.0,-3.2124832439631064,-2.5375473911419357,7.113455941256863,0.0,0
G6PDA,0.05986188533183152,-13.278875122842807,-0.7948984999393263,2.2819177170124476,0.17613220741950464,-15.73692504727476,1.0,0
G6PDH2r,10.35739171637613,-17.86623811051724,-185.0476266086748,-9.48813759971631,0.7091196323600784,-9.087220143161009,1.0,0
GALU,0.05049795670126154,-14.172546885290318,-0.7156846589599896,0.4877939588263871,-0.14978060626389755,-14.510560237852808,1.0,0
GAPD,9.44351896660372,-8.618212269453005,-81.38625102479635,-1.5950529263323006,0.11235555216922144,-7.135514895289926,1.0,0
GARFT,0.013786984078343167,-36.40980603119218,-0.5019814160476097,-6.8367048161044295,-11.168529118722716,-18.404572096365037,1.0,0
GART,0.33161438750842415,-7.12943416548821,-2.3642229440700055,-9.055479086894877,-8.850242880739238,10.776287802145905,1.0,0
GCALDD,0.035093990184692864,-83.99138711548068,-2.9475929150294173,-69.99096964200169,-2.241102807684328,-11.759314665794662,1.0,0
GF6PTA,0.11039723119778921,-17.66296738937931,-1.9499426945243192,-17.015226361053237,-1.5104042378581273,0.8626632095320499,1.0,0
GHMT2,0.8528998957433453,-0.6521691742872937,-0.5562350207566564,-6.625690826637424,-1.2872352221253882,7.260756874475518,1.0,0
GK1,0.22982268494085453,-16.111704767797928,-3.702835248709687,0.11662700990586927,1.1340496897332955,-17.362381467437093,1.0,0
GLCP,-0.0909219356662031,3.246186493660783,-0.29514955953712313,17.530321624522458,6.537544445821528,-20.821679576683202,0.0,0
GLCS1,0.017167554102650886,-61.56333449695483,-1.0568918757160657,-46.185334188808156,-7.429562071270091,-7.948438236876584,1.0,0
GLGC,0.06867021641060354,-31.90917381728873,-2.191209871516781,-8.250027661273862,-0.5236714198527821,-23.135474736162084,1.0,0
GLNS,2.454104272824909,-17.12165439313811,-42.01832520403161,-17.469284861572703,0.4841178516055642,-0.13648738317097298,1.0,0
GLU5K,0.0,-4.7199833249727945,-0.0,23.644173418836544,8.304086176682823,-36.66824292049216,1.0,0
GLUDC,0.0,-78.12964091604476,-0.0,-32.32697963168289,1.0612311347044283,-46.8638924190663,1.0,0
GLUDy,-6.26879722058803,6.871659760665249,-43.07704160848492,30.513568947772285,-0.10057852365095954,-23.541330663456076,0.0,0
GLUN,0.05986571977065079,-30.941840455215285,-1.852355549880104,-14.733308644040676,-1.334269973431903,-14.87426183774271,1.0,0
GLUPRT,0.3454013715867673,-98.82617576437694,-34.13469665769074,-68.79626795125773,5.082928635836595,-35.112836448955804,1.0,0
GLUR,-0.019371882581950453,19.157601008295405,-0.3711187972845542,-0.5514118155484198,0.42764442719987367,19.281368396643952,0.0,0
GLUSy,0.05441579561021425,-37.81350117752905,-2.0576517513830166,-45.24687759181296,-1.2336924114294519,8.667068825713365,1.0,0
GLXCL,0.0,13.23667706912051,0.0,-23.960417654891444,-1.4465116438769385,38.64360636788889,0.0,0
GLYATi,0.0,2.068675454240278,0.0,-32.53874432431675,-3.45624645166302,38.06366623022005,0.0,0
GLYCDx,-0.10382876120098063,8.748731346814608,-0.9083699378199476,18.30651178215328,1.0861077840115172,-10.643888219350188,0.0,0
GLYCK,0.0,-19.837060121125333,-0.0,-18.21417650789897,-0.6476190476190476,-0.9752647906567837,1.0,0
GLYCL,-0.2638673801029709,0.6810569808691476,-0.17970872124278114,11.201307944518021,-0.8301702929536141,-9.69008067069526,0.0,0
GLYCLTDx,0.9234565696421788,-5.119801597773119,-4.72791442072811,-38.548131423100244,-0.3499427107343678,33.77827253606149,1.0,0
GLYCLTDy,0.0761738790090774,-30.1315661512303,-2.295238274357829,-38.43233032653927,-0.2432486458176477,8.544012821126621,1.0,0
GLYCTO2,0.14442169291699525,-106.70743698986331,-15.41086869690966,-80.38443862303495,-4.432807435589229,-21.89019093123913,1.0,0
GLYCTO3,0.8903027459207965,-3.6527151921109713,-3.2520223656030076,2.1419811256886305,2.3022139006003677,-8.09691021839997,1.0,0
GLYCTO4,0.0,-75.95415622622085,-0.0,-50.212734303807,2.2170259750791885,-27.958447897493038,1.0,0
GLYK,0.10835588593479972,-21.61736993415904,-2.342369270796106,-19.24016949347083,0.11153356361883127,-2.488734004307041,1.0,0
GLYOX,0.02741610631923317,-56.30179552670144,-1.5435760121237732,-42.61134406535575,-0.17000803399009357,-13.520443427355595,1.0,0
GMHEPAT,0.017687371053085196,-25.037412296253898,-0.4428460014929205,-2.5119680415086805,-1.5780218779208142,-20.947422376824402,1.0,0
GMHEPK,0.017687371053085196,-13.027331471328422,-0.2304192455649201,-11.546797585427157,2.819713266779955,-4.300247152681219,1.0,0
GMHEPPA,0.017687371053085196,-23.515472412290837,-0.41592688604477646,-12.23056326617916,-3.735817473824869,-7.549091672286806,1.0,0
GMPR,0.024828601404424083,-120.68020972625126,-2.996320824695395,-58.04721249567319,-44.818271761527285,-17.814725469050785,1.0,0
GMPS2,0.22023895757583553,-12.663911733515704,-2.789086719021891,-33.36963261694666,52.109136607192,-31.403415723761043,1.0,0
GND,1.4948147271131786,-11.178241149076209,-16.709399492861657,-0.23974613006362233,-1.0788136826047268,-9.85968133640786,1.0,0
GNK,0.014875004306034008,-16.815047525939523,-0.25012390435451687,-15.293185752170984,0.669005191013234,-2.1908669647817725,1.0,0
GPDDA2,0.0,-59.45456152158103,-0.0,-63.54335271007335,33.4656839764031,-29.37689278791078,1.0,0
GPDDA4,0.0,-75.31864534395908,-0.0,-81.42050514837217,33.64786811220634,-27.546008307793244,1.0,0
GSNK,0.11844437281522664,-22.155566537595327,-2.624202182911501,-24.52684226248408,0.9600005391330839,1.4112751857556702,1.0,0
GSPMDA,0.07623203028345671,-22.496790704176874,-1.7149760302413988,-12.101675277645484,0.6840342880868349,-11.079149714618225,1.0,0
GSPMDS,0.07623203028345671,-25.566712530867374,-1.9490024039015137,-20.100918227967895,-1.5341947966040195,-3.931599506295459,1.0,0
GTPCI,0.035093990184692864,-50.067478402087396,-1.7570675956151771,-21.274065913263257,5.316776058717501,-34.11018854754164,1.0,0
GTPCII2,7.0187980369385715e-06,-188.82118385972979,-0.0013252977546070884,-117.36112317844027,-3.040750192133004,-68.41931048915652,1.0,0
GUAD,0.0,-106.54611293917137,-0.0,-40.67073169475117,-54.50668586010579,-11.368695384314407,1.0,0
GUAPRT,0.0,-43.663030873679084,-0.0,-33.16947929764183,-0.7282361924299039,-9.765315383607351,1.0,0
HEX1,7.571186323522327,-23.688521441758557,-179.3502095643078,-23.034844779362743,-0.3445333605294145,-0.30914330186639916,1.0,0
histd,0.06316918233244713,-71.9239033775656,-4.543374166518751,-21.197798261646255,-7.758363172311093,-42.967741943608246,1.0,0
HISTP,0.06316918233244713,-36.40839851959663,-2.2998887645167976,-28.75057919760394,0.013583146019765735,-7.671402468012463,1.0,0
HPPK2,0.035093990184692864,-5.5068542096888535,-0.1932574875833552,10.172766226716703,4.40683959139589,-20.086460027801447,1.0,0
HPYRI,0.0,4.5508366064963575,0.0,1.5761042949128523,-0.8814678958251108,3.856200207408616,0.0,0
HPYRRx,0.0,-2.872538533064372,-0.0,-25.61405748736439,-0.04698277606206247,22.788501730362082,1.0,0
HPYRRy,0.0,-27.884307923055797,-0.0,-25.49825639080342,0.05970645232041605,-2.4457579845727935,1.0,0
HSDy,-0.10247445133930312,27.365709756873255,-2.804286092846201,16.67022067362359,3.5112083767988373,7.184280706450828,0.0,0
HSK,0.0,0.6656712050675893,0.0,-44.40227232836514,26.97910246096476,18.08884107246797,0.0,0
HSST,0.10247445133930312,-30.53803818378359,-3.129368707861912,-35.713231454371964,21.179775919283273,-16.0045826486949,1.0,0
HSTPT,0.06316918233244713,-10.098859197618708,-0.6379366780040869,8.983435284200027,1.2282922301336647,-20.3105867119524,1.0,0
HXPRT,0.2874606089767987,-29.866171903562407,-8.585347963203805,-30.426214375030895,-0.34103582696020496,0.9010782984286934,1.0,0
HYPOE,0.0,-27.142275640886638,-0.0,-15.509158235407085,-9.190980993503416,-2.4421364119761364,1.0,0
ICDHyr,1.1444271978928726,-14.665791749178807,-16.783930956393114,-5.1773434877085265,-0.12270094598436465,-9.365747315485915,1.0,0
ICL,0.008936763976592604,-38.94309413407811,-0.348025240794484,9.74085913016529,0.10780289743353677,-48.791756161676936,1.0,0
IDOND,0.0,-6.964315424447481,-0.0,-16.161866213772328,2.301754293260661,6.895796496064186,1.0,0
IDOND2,0.0,-31.976085222420643,-0.0,-16.046065117211356,2.4084431136613986,-18.338463218870686,1.0,0
IG3PS,0.06316918233244713,-58.00825821419781,-3.6643342399203354,167.108215518179,-212.06309040215527,-13.05338333022155,1.0,0
IGPDH,0.06316918233244713,-33.13820030091648,-2.0933130169777474,-39.57699597424414,3.330848225230959,3.107947448096702,1.0,0
IGPS,0.03790150939946828,-108.00411755487377,-4.0935190766873255,-94.51532835844341,-0.7378932133891354,-12.75089598304124,1.0,0
ILETA,-0.19371882581950456,17.26763608457462,-3.345066186982302,3.3572218238492155,-6.919336250860457,20.82975051158586,0.0,0
IMPC,-0.4085705539289087,2.0760162185411772,-0.8481990963747671,11.227138331571496,-3.105925261972729,-6.0451968510575895,0.0,0
IMPD,0.22023895755067902,-11.620813137273487,-2.5593557712443484,28.897219301735163,-10.113113509487537,-30.404918929521113,1.0,0
INSK,0.0718158901527793,-24.702575008894343,-1.7740374133295471,-26.804963977131592,0.32768766577164854,1.7747013024656013,1.0,0
IPDDIi,0.0,-13.182805658227002,-0.0,-4.8528929499470905,0.957399404173584,-9.287312112453495,1.0,0
IPDPS,0.0,-31.090552615029875,-0.0,-50.52678167758154,0.13528597854054425,19.30094308401112,1.0,0
IPMD,0.3004045559809708,-7.355581366372235,-2.2096501543469538,16.165641513387357,-2.3017542932742003,-21.21946858648539,1.0,0
IPPMIa,-0.3004045559809708,5.1005193692992545,-1.5322192564066839,2.2168606234548065,0.3236608977932445,2.5599978480512036,0.0,0
IPPMIb,-0.3004045559809708,4.6362778336573705,-1.3927589840242596,-4.6213591265951095,-0.19244850531646662,9.450085465568947,0.0,0
IPPS,0.3004045559809708,-59.42252322203669,-17.85079670378486,-31.922597169541746,-1.3763808807382425,-26.123545171756707,1.0,0
KARA1i,0.582601647975941,-20.49016887105062,-11.93760615157942,-16.046243277017766,2.408443113661342,-6.852368707694197,1.0,0
KARA2i,0.19371882581950456,-19.40946787710417,-3.759979326934012,-16.04603796326012,2.408443113674302,-5.771873027518353,1.0,0
KAS14,-0.9563888195865325,4.700463445654236,-4.4954706862989005,-911.3463700865325,926.9891520311357,-10.942318498949021,0.0,0
KAS15,1.1819028005131798,-4.060330925402241,-4.798916491743179,-48.6985156172841,87.01770307356492,-42.379518381683056,1.0,0
KAS16,0.023583161404113595,-88.95600013254497,-2.0978637089901584,-828.6784023850382,754.2417157188756,-14.519313466382386,1.0,0
KDOCT2,0.029478951755141994,-20.65544070509162,-0.608900740026592,37.25769914784337,-43.360306799545995,-14.552833053388994,1.0,0
KDOPP,0.029478951755141994,-28.562120479770048,-0.8419813716476944,-15.654266329486063,-3.7358174738248913,-9.172036676459093,1.0,0
KDOPS,0.029478951755141994,-55.26590409763854,-1.6291809205985908,-70.0108067393196,0.05779447618201061,14.687108165499058,1.0,0
LDHD,-0.14151267883957025,11.709312502829974,-1.6570161796451426,18.067460006934937,-0.2630520893065551,-6.095095414798408,0.0,0
LDHD2,0.1689287851588034,-100.117923266464,-16.912799150026064,-100.8651100391998,-5.045799417288155,5.7929861900239565,1.0,0
LEUTAi,0.3004045559809708,-15.010296597090505,-4.509161484391651,-0.33974357281732637,0.28747070578139144,-14.95802373005457,1.0,0
LGTHL,0.02741610631923317,-18.974164843981235,-0.5201977206812458,-23.413927664105955,-1.0493967562509283,5.489159576375648,1.0,0
L-LACD2,0.0,-95.76314686513622,-0.0,-97.78711297492242,-4.7756299070455235,6.799596016831725,1.0,0
L-LACD3,0.0,7.291577354241998,0.0,-15.260693226198839,1.9593938507699526,20.592876729670884,0.0,0
LPADSS,0.005895790351028399,-17.247513221906292,-0.10168772203294985,-22.022286556318477,-2.2702755498377307,7.0450488842499155,1.0,0
LPLIPA1,0.0,545.2451826984756,0.0,-3.326403109556395,616.4996853824538,-67.92809957442178,0.0,0
LPLIPA2,0.0,-259.79047737702797,-0.0,-105.1833065044035,-94.78544326086833,-59.82172761175613,1.0,0
LPLIPA3,0.0,14512.164151007995,0.0,-67.4095916358632,14627.280959380209,-47.70721673634944,0.0,0
LPLIPA4,0.0,1541.2153140679059,0.0,-17.189767510942676,1587.5090885679674,-29.104006989118922,0.0,0
LPLIPA5,0.0,16313.169941179236,0.0,20.583947357597406,16309.575489935349,-16.98949611371063,0.0,0
LPLIPA6,0.0,2346.2509707128006,0.0,84.66713588390432,2298.794213780681,-37.21037895178457,0.0,0
LPSSYNEC,0.005895790351028399,-50579.38420112251,-298.2054453339363,-527.9260429136084,-50135.58554072713,84.12738251822789,1.0,0
MACPD,-1.5454593496857478,2.4286000472379214,-3.7533026496510944,64.84149342036858,-47.7748250082368,-14.638068364893854,0.0,0
MALS,0.044030754161265326,-73.30182774301343,-3.227534756924043,-41.28059889306121,-4.659200033071659,-27.362028816880564,1.0,0
MCITD,0.0,7.796938783179222,0.0,-0.8630774506967214,1.0531011445798981,7.606915089296045,0.0,0
MCITL2,0.0,-28.799602542327783,-0.0,6.837947072619954,0.8418255889755315,-36.47937520392327,1.0,0
MCITS,0.0,-76.86996749605522,-0.0,-47.784586800706165,0.1849165324289146,-29.270297227777974,1.0,0
MCOATA,0.07362785705611438,-35.34397232714889,-2.602300942298581,780.8315314415493,-792.3634920634921,-23.812012568903924,1.0,0
MDH,-0.12716264376513553,22.60518211405677,-2.8745347204158143,23.93951725943441,0.0712752710106912,-1.4056104163883312,0.0,0
MDH2,1.962859189413699,-89.22204835283583,-175.1303175076772,-94.99305278670079,-4.711466754569074,10.482471188434033,1.0,0
MDH3,-0.18722812383566767,13.832675866538054,-2.5898659501188384,-12.466633037977203,2.0235570032420647,24.275751901273193,0.0,0
MDRPD,0.004913158625857,-34.20699033305555,-0.1680643696194589,-37.10402029204681,-0.41855244339841846,3.31558240238968,1.0,0
ME1,0.10966976617118944,-21.20410444130317,-2.325449175947198,1.5661152258489892,-0.3254206311185328,-22.444799036033626,1.0,0
ME2,-0.46043594824251854,3.8076567477322474,-1.7531820452241216,1.4503141292880173,-0.43211806045701984,2.78946067890125,0.0,0
METAT,0.004913158625857,-57.21570297172827,-0.2811098245900187,-48.12449236959446,8.114212665354833,-17.20542326748864,1.0,0
METS,0.10247445133930312,-25.780311260343808,-2.64182325176019,5.101026018779294,-1.8263557785997477,-29.054981500523354,1.0,0
MGSA,0.02741610631923317,-74.85522254541483,-2.052238739854953,-53.38490300583746,-0.758128669684492,-20.712190869892883,1.0,0
MICITD,0.0,7.662821355345788,0.0,0.8629933747167797,-1.0531011445798981,7.852929125208906,0.0,0
MLTG2,0.0,-52.81373043476796,-0.0,-19.452476901092552,1.2139470314935608,-34.57520056516897,1.0,0
MLTG3,0.1257114506707139,-21.55268412293309,-2.709419186941582,-21.478337869099732,1.2106434202834038,-1.284989674116762,1.0,0
MLTG4,0.0,-58.712115238932235,-0.0,-19.452547194426813,1.2139470314936247,-40.473515075999046,1.0,0
MLTG5,0.1257114506707243,-21.264347085469556,-2.673171919680166,-19.45252908721676,1.2139470314937597,-3.0257650297465553,1.0,0
MLTP1,-0.12571145067074505,1.7485574151056502,-0.21981368923401942,-4.959987537239158,1.8450289196117735,4.863516032733035,0.0,0
MLTP2,0.0,-35.41087370090626,-0.0,-2.9341968625662957,1.8483325308092944,-34.32500936914926,1.0,0
MLTP3,-0.12571145067073464,2.0368944525691175,-0.25606095649563565,-2.9341787553562426,1.8483325308221188,3.1227406771032413,0.0,0
MMCD,0.0,-40.4929053065701,-0.0,-20.575561740859484,-3.8611277619524884,-16.05621580375813,1.0,0
MME,0.0,-11.755863646153806,-0.0,-0.11721259105888748,0.8141579026011563,-12.452808957696075,1.0,0
MMM2,0.0,3.670849972063408,0.0,8.171018734150948,0.21333575972568752,-4.713504521813228,0.0,0
MOAT,0.005895790351028399,-16.96455384407861,-0.10001945286342039,-71.97643564270777,42.17807319579491,12.833808602834257,1.0,0
MOAT2,0.005895790351028399,-15.246693691856315,-0.08989130955353201,-65.2949003151084,42.11212968074925,7.936076942502844,1.0,0
MOHMT,4.1410910039633364e-05,-18.8199992050393,-0.0007793532940258538,3.7132854279311687,3.7732442367950583,-26.306528869765526,1.0,0
MTAN,0.004913158625857,-45.37530922111225,-0.22293609190063635,-18.50607118779169,-2.5476563253171136,-24.32158170800345,1.0,0
MTHFC,0.4340862320790116,-2.1622373302804494,-0.9385974555620216,-5.745565438040785,-0.21241333637704152,3.795741444137377,1.0,0
MTHFD,0.4340862320790116,-2.830658597814347,-1.2287499250272882,4.235219710137699,-0.3981319068610585,-6.667746401090987,1.0,0
MTHFR2,0.137568441523996,-26.596359211589117,-3.65881968695069,-37.8556948534158,1.0519300573895443,10.207405584437137,1.0,0
MTRI,0.004913158625857,-11.018586797676639,-0.05413606476975903,-8.561873638766542,2.0478928782528225,-4.504606037162919,1.0,0
MTRK,0.004913158625857,-11.454656793634312,-0.0562785458318759,-3.362270115808883,0.8590243630351342,-8.951411040860563,1.0,0
NACODA,0.3995322127608159,-33.22705328438528,-13.275278122231986,-18.177658573745276,2.0381309038253335,-17.087525614465335,1.0,0
NADDP,0.06447759716046578,-93.62075079025911,-6.036441055314685,-44.96213337969323,-0.2848044900316964,-48.3738129205342,1.0,0
NADH10,0.4641975537326917,-8.772511549908153,-4.072178401559149,-36.40615029741184,1.9522764298421649,25.681362317661524,1.0,0
NADH5,0.1308559071885321,-111.82723971359884,-14.633254901112421,-118.93257004613542,-4.782751272285783,11.888081604822364,1.0,0
NADH9,0.0,-81.07395344314551,-0.0,-88.76086572690747,1.867087645193493,5.8198246385684556,1.0,0
NADK,0.00023527679178746331,-50.4210052627176,-0.011862892356911,-15.637623741745756,0.28338761071768204,-35.066769131689526,1.0,0
NADPPPS,-0.0001367212771063755,2.3574910469943724,-0.00032231918671191687,-16.564969763867566,-1.133559099913903,20.05601991077584,0.0,0
NADS1,0.2622925857212371,-26.159714817282445,-6.861499241155172,-29.213345218056475,4.794420084259553,-1.7407896834855237,1.0,0
NAMNPP,0.03678801210006285,-69.80682401035808,-2.568054286360011,-38.17101515893569,-1.3769630241904451,-30.25884582723195,1.0,0
NDPK1,1.0263448229699352,-0.9723335689132098,-0.9979495246539536,-2.8199384354957147,0.4076139897729769,1.439990876809528,1.0,0
NDPK2,0.3990969441850993,-4.172294501714479,-1.66514998587454,-1.6246601514872054,0.5256283647529116,-3.073262714980185,1.0,0
NDPK3,0.18666018166860096,-3.2597288092855567,-0.6084615717316143,3.9171409342220613,-0.19864967596470784,-6.97822006754291,1.0,0
NDPK4,0.08515662070877623,-2.677754441858527,-0.22802851935658738,3.846552038898608,-0.061951487589231746,-6.462354993167903,1.0,0
NDPK5,0.05540394108883682,-9.980650345812421,-0.5529673637876702,5.924556364005184,3.852893236941174,-19.75809994675878,1.0,0
NDPK6,0.006961290872257698,-13.52899874456581,-0.09417929547133182,1.364708917187727,2.305149774880581,-17.198857436634118,1.0,0
NDPK7,0.10213416662129177,-1.3539587388675098,-0.13828544743384832,8.606902501352579,1.8133534596505267,-11.774214699870615,1.0,0
NDPK8,0.0,-16.41919631461171,-0.0,5.436451918767034,2.159621752416111,-24.015269985794856,1.0,0
NMNAT,-0.19589885496915055,4.609428466116115,-0.9029817585743549,-2.9399848837118725,-1.309861001050872,8.85927435087886,0.0,0
NMNDA,0.22358844002306755,-33.292008246891974,-7.443708189157676,-14.913033522975411,-6.457818708957571,-11.921156014958992,1.0,0
NMNN,0.03678801210006285,-69.98649382970223,-2.5746639818480594,-49.002454862489174,-4.872599251578869,-16.111439715634184,1.0,0
NNAM,0.03678801210006285,-23.635598764288673,-0.8695066933328822,-0.8200803567554544,-3.1337604124387184,-19.6817579950945,1.0,0
NNAT,0.2622925857212371,-24.950172448145885,-6.5442452456149525,-6.715724406085201,-1.2411295217287126,-16.99331852033197,1.0,0
NNDPR,0.0019161336240439966,-83.49601678727204,-0.15998952523983395,-47.62457312575884,-0.3069759680390547,-35.56446769347414,1.0,0
NTD1,0.11679754656511239,-25.30656418652985,-2.955744608979226,-16.597544126306275,-3.7358174738338548,-4.973202586389721,1.0,0
NTD10,0.0,-35.34792056753736,-0.0,-17.825269462488222,-1.7577164960389275,-15.764934609010208,1.0,0
NTD11,0.29280129470078764,-23.360922180372974,-6.840108259817554,-5.39762952848173,-1.1778421285119585,-16.785450523379286,1.0,0
NTD2,0.30706561417468353,-31.269154567052333,-9.601682151855035,-16.980618649093117,0.6181269005624657,-14.906662818521681,1.0,0
NTD3,0.0031770073099611387,-46.80939857157799,-0.14871380143678775,-21.939091654003676,-3.244021747429816,-21.626285170144495,1.0,0
NTD4,0.14050013690887597,-45.16160374398932,-6.345211509054905,-21.724519408542392,-5.815120645912067,-17.62196368953486,1.0,0
NTD5,0.0,-34.850372349011344,-0.0,-16.03989162786047,-2.7052214022275862,-16.105259318923288,1.0,0
NTD6,0.0,-30.564579509726,-0.0,-20.537051647909834,-4.78411697968728,-5.2434108821288845,1.0,0
NTD7,0.09159242280166545,-42.469659574339545,-3.8898990159757068,-14.578412809540282,-1.2211851561542773,-26.670061608644986,1.0,0
NTD8,0.0,-46.56093554293772,-0.0,-19.754996000578785,-5.283560955043043,-21.52237858731589,1.0,0
NTD9,0.11844437282682613,-25.90793650793651,-3.0686492909197716,-7.675751243129241,-1.810161097769349,-16.422024406669355,1.0,0
NTPP1,0.15843416466475144,-80.62640930276909,-12.773977807802565,-58.56857268013073,-4.4482631926499785,-17.609573429988384,1.0,0
NTPP2,0.03441232879231995,-77.46792888619744,-2.6658518396918867,-44.91306288236888,-3.138503183990405,-29.41636281983816,1.0,0
NTPP3,0.09314209004340016,-91.99119643987363,-8.568252302002822,-57.60383546834282,-6.487802400266759,-27.899558571264052,1.0,0
NTPP4,0.04902171015180447,-87.58388938072389,-4.293512039189552,-53.28985184267094,-2.236257349209467,-32.05778018884348,1.0,0
NTPP5,0.0,-97.68180061256759,-0.0,-59.346548473360144,-5.996007892351145,-32.339244246856296,1.0,0
NTPP6,0.07905433259768047,-89.01132232414334,-7.036730679972168,-47.90211826340533,-1.5946654910826652,-39.51453856965534,1.0,0
NTPP7,0.06782018955754976,-89.24620884132595,-6.052694800911399,-49.89418018094557,-3.317412249018247,-36.03461641136214,1.0,0
NTPP8,0.03490447101671065,-88.85959882940443,-3.101597291897483,-45.042926829061344,-2.8996287204879607,-40.91704327985513,1.0,0
NTPTP1,0.0,14010.965574249307,0.0,-75.99249299457051,14099.769291999866,-12.811224755989315,0.0,0
NTPTP2,0.0,14034.777058322585,0.0,-50.257738439358945,14104.552456727135,-19.517659965191342,0.0,0
OBTFL,0.0,8.379585520522946,0.0,0.5632826838341884,-5.821398451741226,13.637701288429984,0.0,0
OCBT,0.19722822483797386,-9.417214602976497,-1.8573405190632992,-30.178299983393572,0.3734795359179124,20.387605844499163,1.0,0
OMCDC,0.3004045559809708,-36.43859859699246,-10.946321032098348,-29.53860543909616,4.685873379268013,-11.585866537164318,1.0,0
OMPDC,0.2211623261568051,-68.04125643655942,-15.04816254814117,-56.94320709990575,-3.2391493239293077,-7.858900012724366,1.0,0
ORNDC,0.029478951755141997,-47.01073282300653,-1.3858271248632799,-31.628802765509135,7.505954436086931,-22.887884493584323,1.0,0
ORNTA,-0.22670717659311587,17.298445786579315,-3.921681803724478,0.8964123528629102,-2.010252335232554,18.41228576894896,0.0,0
ORPT,-0.2211623261568051,14.953853223828778,-3.3072289639894117,0.2847977704977893,-0.6359410426740713,15.30499649600506,0.0,0
P5CD,0.025430277392188835,-46.83575051821955,-1.191046127549675,-37.63579752391249,-8.664245126616855,-0.5357078676902063,1.0,0
P5CR,0.1473947587821115,-44.90705464408812,-6.619064486880468,-39.41497838794433,-1.4952760134415541,-3.9968002427022356,1.0,0
PANTS,4.1410910039633364e-05,-59.582760819610385,-0.0024673763482138773,-54.78583909708101,-1.4933084902175366,-3.3036132323118395,1.0,0
PAPAEC,-0.003296923293401346,10.194794661493688,-0.03361145599092223,292.1409748746173,-272.4331956596633,-9.512984553460319,0.0,0
PAPPT3,0.019371882581950453,-6.371997563269752,-0.12343758860813604,0.6058547044317493,-0.797497509771486,-6.180354757930015,1.0,0
PAPSR,0.16357940517061387,-44.60573346037242,-7.296579346646668,-47.40366222198031,3.690578040936739,-0.8926492793288467,1.0,0
PASYNEC,0.09506961941351107,-70.59265853813667,-6.711217180608596,-2017.493269444561,1903.5809661869425,43.31964471948186,1.0,0
PDH,12.29797418577595,-35.41783141277868,-435.56757643051674,-44.8283204605591,1.0122822430353438,8.398206804745072,1.0,0
PDXPP,0.0,-31.051349870010025,-0.0,-22.720943440805684,-2.339603151493722,-5.9908032777106195,1.0,0
PEPTEC,0.011791580702056798,-8.22891474094342,-0.09703191225817914,-6.643969596878833,12.889809700410126,-14.474754844474713,1.0,0
PFK,0.2051241873462421,-21.459762876067195,-4.401916420596339,-21.510581203676338,-0.007340951987446331,0.058159279596589286,1.0,0
PFL,0.2798574882418012,-5.578909378825298,-1.561299565886675,-19.73157479258026,0.17317447312616707,13.979490940628796,1.0,0
PGAMT,-0.050535345865957704,10.26468304962927,-0.5187293081174487,-3.7592953000024636,0.16872856225957733,13.855249787372156,0.0,0
PGCD,1.4027473439272278,-9.689602937207624,-13.59206478387746,28.34189077873316,0.32411595096768053,-38.355609666908464,1.0,0
PGI,-0.05887367216778643,1.0652522670784232,-0.06271531274796636,2.634152520225598,0.03807977833681764,-1.6069800314839924,0.0,0
PGK,-9.44351896660372,4.334025988251312,-40.928456621804706,19.430481449246372,0.2296802537078726,-15.326135714702932,0.0,0
PGL,10.35739171637613,-20.722900393673275,-214.63519687671922,-27.97781325451524,-1.300415802821707,8.555328663663673,1.0,0
PGM,-8.040771622670265,3.061185365604027,-24.61429241948236,-4.499814599496403,-0.14499262598528695,7.705992591085717,0.0,0
PGMT,-0.794804521350722,1.0737304131029042,-0.8534057870459667,-7.3506016056098815,-0.12876819348470292,8.553100212197489,0.0,0
PGPPEC,0.02533786091334824,-445.56977955087336,-11.289785101451267,438.62422793968017,-874.6223377261149,-9.571669764438662,1.0,0
PGSAEC,0.02533786091334824,-954.5028707971244,-24.185060981649144,-300.3935075471252,-664.5908616318326,10.48149838183338,1.0,0
PHETA1,-0.12353084545011883,26.463143833532595,-3.2690145310243803,-0.03726257941872291,-0.1489252776411492,26.649331690592465,0.0,0
PLIPA1,0.0,112.54304178006261,0.0,-94.87853269499294,238.12042141400923,-30.698846938953682,0.0,0
PLIPA2,0.0,-491.83012026698054,-0.0,-122.27647870574356,-338.8242763529494,-30.729365079365078,1.0,0
PMDPHT,7.0187980369385715e-06,-29.935347938560287,-0.00021011016134624006,-19.07993003102615,-3.7358174738248984,-7.119600433709238,1.0,0
PNTK,4.1410910039633364e-05,-13.446208869049995,-0.0005568197458503496,-9.37992729595976,8.011847461777384,-12.078129034867619,1.0,0
POX,0.05829250291686613,-247.91514427938114,-14.451594271041111,-201.28001402339305,-4.931896512732763,-41.70323374325535,1.0,0
ppa,0.39165316273689127,-1.5750574619517046,-0.6168762364657259,-16.788812703267922,-0.1034997273221343,15.317254968638352,1.0,0
PPAKr,0.0,-23.52060257555741,-0.0,-32.09360224301986,-3.5198961273938814,12.092895794856329,1.0,0
PPC,1.6789602423646572,-23.632531952835294,-39.67808157522285,-32.096157950107,-1.103968253968254,9.56759404665803,1.0,0
PPCDC,4.1410910039633364e-05,-46.11423157440676,-0.0019096322952745787,-29.961170833063022,0.8769810073923772,-17.030041748736114,1.0,0
PPCK,0.05531893850292215,-24.430971332327285,-1.3514954006996671,-0.10643555550655037,0.2538074907509795,-24.578343267571714,1.0,0
PPCSCT,0.0,11.04178509528262,0.0,-13.395861222422582,2.4719153468190562,21.965730970886145,0.0,0
PPM,0.41089643758885375,-16.201663498970454,-6.6572058147403235,-11.452580491626122,-0.0420209574053132,-4.707062049939019,1.0,0
PPM2,0.0,-25.978051957337836,-0.0,-31.39486631296586,1.3587774365453633,4.05803691908266,1.0,0
PPNCL2,4.1410910039633364e-05,-65.61715570819419,-0.0027172661320886446,-58.16500491123634,-4.336190342532145,-3.115960454425707,1.0,0
PPND,0.09194625428389527,-93.73946452455326,-8.618992641610754,-67.03470019035524,10.470897361872142,-37.17566169607016,1.0,0
PPNDH,0.12353084545011883,-122.69823878123842,-15.15701717188694,-118.27637823949681,11.990219478896528,-16.412080020638154,1.0,0
PPS,0.9696032941316917,-23.144557908869064,-22.44103958966114,-10.221370982980716,-0.19749789785862149,-12.725689028029727,1.0,0
PPTGS,0.019371882581950453,-31264.677521538553,-605.6556619097905,-51.3331946515882,-31177.707824717974,-35.63650216899174,1.0,0
PRAGSr,0.3454013715867673,-7.576561421659562,-2.6169547069526007,-25.20251198346091,5.084607228939188,12.541343332862159,1.0,0
PRAIi,0.03790150939946828,-13.08741279887244,-0.49603269921118526,-7.225208879793627,0.08720074620812746,-5.9494046652869415,1.0,0
PRAIS,0.3454013715867673,-2.755820518061988,-0.9518641867855663,59.478855232971114,-45.24566813612963,-16.98900761490347,1.0,0
PRAMPC,0.06316918233244713,-76.09042410949809,-4.806569874326116,-79.3609069794964,-3.9969151885366103,7.267398058534926,1.0,0
PRASCS,0.3454013715867673,-48.50314968083852,-16.7530544260399,-86.52687731399692,18.073145203982772,19.950582429175622,1.0,0
PRATPP,0.06316918233244713,-59.39732113346676,-3.752080208738877,-173.09526384367427,154.49634678933532,-40.798404079127806,1.0,0
PRFGS,0.3454013715867673,-2.7248051024745408,-0.9411514197013284,-33.32037989295736,37.61282224797918,-7.01724745749636,1.0,0
PRMICIi,0.06316918233244713,-14.901975997825796,-0.9413456389204085,-7.2210944234343515,0.08720074620702611,-7.76808232059847,1.0,0
PROD2,0.0,47.19572335734617,0.0,29.27427216112781,1.6882729289616378,16.23317826725672,0.0,0
PRPPS,1.3834081634341082,-6.937935387838353,-9.597996452913963,-7.024194913813517,0.48065979354254473,-0.3944002675673808,1.0,0
PSCVT,0.28847259931817526,-7.32082452861474,-2.111857280921749,-3.5505258415830667,-2.4453640700873516,-1.3249346169443221,1.0,0
PSDEC,0.07969845170943747,-8.903739724834779,-0.7096142704931447,103.8274211086457,-92.35147766609771,-20.37968316738277,1.0,0
PSERT,1.4027473439272278,-17.268854319472172,-24.223839529305824,-11.119790769075735,0.047761301778713516,-6.196825396825397,1.0,0
PSPL,1.4027473439272278,-10.722911181564683,-15.04153517910743,-10.141573831005644,-0.11718672442762568,-0.46415062613141345,1.0,0
PSSAEC,0.0815233391990415,-10.326040561723033,-0.8418133072964079,145.65906342455241,-154.01334940284858,-1.971754583426871,1.0,0
PTA2,0.0,-12.352548436580996,-0.0,19.805257157962387,5.431778889331547,-37.58958448387493,1.0,0
PTAr,4.358861294433118,-34.61550393475838,-150.8841802885156,8.454444768089843,-0.13074760168169064,-42.93920110116653,1.0,0
PTPATi,4.1410910039633364e-05,-23.958858994941618,-0.000992158154491788,1.7967100398344655,-5.262916942157325,-20.49265209261876,1.0,0
PTRCTA,0.0,-1.7693534072336448,-0.0,7.847753076426102,-8.639228713392683,-0.9778777702670638,1.0,0
PUNP1,-0.11210276676624906,8.37891136679333,-0.9392991467067058,7.993354902519968,-0.056419283056859726,0.44197574733022194,0.0,0
PUNP2,0.0,-16.807902963251294,-0.0,9.655883911701835,0.7129871114449919,-27.17677398639812,1.0,0
PUNP3,0.0,3.6992433137807375,0.0,11.419887682805438,0.5050920928475406,-8.225736461872241,0.0,0
PUNP4,0.0,-3.833714256474483,-0.0,21.106938778028848,0.8007936507936508,-25.741447191956308,1.0,0
PUNP5,0.2621381910794403,-12.644636132840056,-3.3146420427204215,6.398501045547391,-0.5144331511890883,-18.52870402719836,1.0,0
PUNP6,0.0,-27.43700666539295,-0.0,6.8669888173360505,0.728803460037291,-35.03279894276629,1.0,0
PUNP7,0.0,13.88236784732808,0.0,10.164468497912367,0.9840363096245035,2.73386303979121,0.0,0
PYAM5PO,0.08684882774104866,-112.82685436724277,-9.79888003950505,-94.00336307558067,-8.335426565250955,-10.488064726411153,1.0,0
PYDAMK,0.0,-20.92122759414546,-0.0,-16.693435270206237,8.340820484998325,-12.568612808937548,1.0,0
PYDXK,0.0,-15.250383547863013,-0.0,-14.91355198010865,-1.1732910752674002,0.8364595075130374,1.0,0
PYDXNK,0.0,-17.012153365012374,-0.0,-9.481650064807639,1.4894426429983305,-9.019945943203066,1.0,0
PYDXPP,0.0,-32.813119687184496,-0.0,-17.289041525504672,0.32313056674689733,-15.847208728426722,1.0,0
PYK,3.0923694447900822,-19.37833122288434,-59.924959364669164,-22.266966478078984,-0.650519392731777,3.53915464792642,1.0,0
PYNP2r,0.2608610132640618,-17.16843384455189,-4.4785750488468175,2.9526492371678614,-0.7213349786134238,-19.399748103106326,1.0,0
QULNS,0.0019161336240439966,-208.76144277245757,-0.4000148199002425,-217.9201516954489,1.8539131020745536,7.304795820916784,1.0,0
RBFK,7.0187980369385715e-06,-26.016166158047916,-0.0001826022159587744,-20.722606140205926,4.286298938258213,-9.579858956100203,1.0,0
RBFSa,1.4037596073877143e-05,-12.377767422833344,-0.00017375409937812975,-15.272710954031766,-6.345615529744517,9.240559060942939,1.0,0
RBFSb,7.0187980369385715e-06,-97.6469900064351,-0.000685364501770127,-115.02368055138538,3.874555148490302,13.502135396459977,1.0,0
RNDR1,0.0,1.1122290431546844,0.0,-31.387641909730746,6.370671914678262,26.12919903820717,0.0,0
RNDR2,-0.10303022358660559,3.093593893423993,-0.3187336705256317,-34.38852136962009,2.37762455059584,35.104490712448246,0.0,0
RNDR3,0.012169083887853713,-6.628687707838111,-0.08066505678306672,-36.730549404121575,3.9869249796473625,26.1149367166361,1.0,0
RNDR4,0.007780850284636382,-20.41345395095497,-0.15883402898469964,-39.22151024161599,4.981510034737191,13.826546255923827,1.0,0
RNTR1,0.01733643117206324,-15.30696514185258,-0.2653681476348985,-25.951189990963712,8.53029579669882,2.1139290524123133,1.0,0
RNTR2,0.12085797060269278,-5.914730779015578,-0.7148423586131069,-25.64402657011874,5.82289590222322,13.906399888879942,1.0,0
RNTR3,0.012956277492215377,-4.722916737897691,-0.061191419828831126,-32.04078783699083,5.998929014784743,21.318942084308397,1.0,0
RNTR4,0.002257966542044311,-29.770162453933708,-0.06722003077220608,-36.2321411729406,6.761027184736998,-0.29904846573010424,1.0,0
RPE,0.42518538059820127,-5.057387090957393,-2.1503270551011493,-3.4112320413412363,0.40463243799006854,-2.0507874876062253,1.0,0
RPI,-1.0401363571845172,9.327178287294258,-9.701537246556773,2.1472559672181433,0.19881058849963473,6.98111173157648,0.0,0
S7PI,0.017687371053085196,-8.790671843030761,-0.15548387469359337,2.688132524081311,2.76790304776857,-14.246707414880643,1.0,0
SADH,0.0,-141.12875576044615,-0.0,-86.9169129949201,8.92016991606394,-63.13201268159,1.0,0
SADT2,0.16357940517061387,-20.361236720836807,-3.330678991332545,17.342600828429113,-1.1189517408021104,-36.58488580846381,1.0,0
SDPDS,0.24818469858614786,-18.634183589980115,-4.624719237678158,2.30056042716609,5.831465914657098,-26.766209931803303,1.0,0
SDPTA,-0.24818469858614786,8.514625236278869,-2.113199697839879,-0.6250995562822936,0.5521205947725907,8.587604197788572,0.0,0
SERASr,0.0,-11338.950259996514,-0.0,-1.0513641017980717,-11296.534605973284,-41.36428992143192,1.0,0
SERAT,0.20517520667239142,-46.23558953594372,-9.48639663865711,-6.7482403531615205,-1.4290675774308,-38.0582816053514,1.0,0
SERDL,0.030059042984025817,-53.250432146643305,-1.6006570288139013,-30.215772573616846,-1.7336151717379913,-21.30104440128847,1.0,0
SGDS,0.0,-21.752169721977896,-0.0,1.0037458836520727,-4.668462359017571,-18.087453246612398,1.0,0
SGSAD,0.0,-80.39219281449395,-0.0,-56.09193184576259,-0.9099704615532538,-23.39029050717811,1.0,0
SHK3Dr,0.28847259931817526,-7.718296680590745,-2.226517105758856,-3.8427954187597493,0.5408394954172966,-4.4163407572482924,1.0,0
SHKK,0.28847259931817526,-19.243227052148313,-5.551143727003051,-21.375352361301736,3.790789019512875,-1.658663710359452,1.0,0
SHSL1,0.10247445133930312,-71.68191347533393,-7.345564754336244,-63.72586047505786,-1.2335560960316236,-6.722496904244448,1.0,0
SOTA,0.0,17.78450150254366,0.0,2.7792642492685786,-8.639228713384284,23.644465966659364,0.0,0
SPMS,0.004913158625857,-55.7848936726779,-0.27408003154043303,-43.288734039183964,-11.680057504297524,-0.8161021291964143,1.0,0
SSALx,0.0,-81.40067524721088,-0.0,-43.87284196483017,-5.310283239066152,-32.21755004331456,1.0,0
SSALy,0.0,-56.38890544828817,-0.0,-43.988643061391144,-5.416972058517349,-6.9832903283796846,1.0,0
SUCD,0.9586638746916248,-73.13183549956781,-70.1088487833262,-63.31677371619935,-7.829067157042324,-1.9859946263261534,1.0,0
SUCOAS,-0.014258232342459725,46.91492363464257,-0.6689238815114888,-1.1075161373653373,0.5600201121031674,47.46241965990474,0.0,0
SULR,-0.16357940517061387,111.39120213709626,-18.22130658682582,99.49587635852069,-6.3576415507749005,18.25296732935047,0.0,0
TALA,0.3479853044284907,-1.3523335154560265,-0.4705921900648164,-0.9895073182567558,0.0890294523974986,-0.4518556495967694,1.0,0
TDSK,0.005895790351028399,-16.311128379176438,-0.09616699331233393,-11.5616665108505,2.8197132667799565,-7.569175135105894,1.0,0
TESTAKGDH,0.3649194879070132,-34.21086924603173,-12.484212886115683,-38.64532523821049,-2.438342709214403,6.872798701393165,1.0,0
TESTNADTRHD,0.0,-25.011769798931198,-0.0,0.11580109656097193,0.10668881943016117,-25.23425971492233,1.0,0
THDPS,0.24818469858614786,-3.930721929734446,-0.975545037357105,34.06255012122108,3.7093796846291127,-41.70265173558464,1.0,0
THRAr,-0.3628718585097241,0.6285624272554546,-0.22808761616757006,10.092785678934291,-0.06733735670687402,-9.396885894971962,0.0,0
THRD,0.0,-0.6211383428141879,-0.0,19.49062410070576,2.51034286028845,-22.622105303808397,1.0,0
THRDL,0.19371882581950456,-37.477603013927634,-7.260117250387586,-24.145871062586735,1.1339037799338563,-14.465635731274762,1.0,0
THRS,0.0,-66.81886902364708,-0.0,-27.031434009973736,-9.650869979924583,-30.136565033748763,1.0,0
TKT1,0.36567267548788585,-7.51337230778191,-2.7474349537232023,-3.8458675648059852,-2.088801650622009,-1.5787030923539156,1.0,0
TKT2,0.05951270511031543,-8.204479813006635,-0.48827078769499976,-10.380070946273463,-1.2458231907107482,3.421414323977576,1.0,0
TMAOR1,0.0,-212.37244120996203,-0.0,-198.1836150645119,-0.33559415892545985,-13.853231986524671,1.0,0
TMAOR2,0.0,-140.07099931677422,-0.0,-145.82889963501583,-0.25040537432678445,6.008305692568395,1.0,0
TMDK1,0.0,-13.213130886035573,-0.0,-16.162701877752852,1.855060893707675,1.0945100980096036,1.0,0
TMDS,0.017336431151238268,-13.497487499495872,-0.23399826274970933,-13.886341885174375,2.2262623599159888,-1.837407974237486,1.0,0
TPI,0.1528763960107677,-4.614473463989356,-0.7054440726620157,5.65002959212643,0.21189950994222073,-10.476402566058006,1.0,0
TRDR,0.23390776151199608,-33.74431457707466,-7.893057086480153,-4.276186142166807,-0.8305397814444362,-28.637588653463418,1.0,0
TRE6PH,2.19438299752457,-20.168892298870922,-44.258274339546595,-9.555993476033564,-0.646984280629816,-9.965914542207543,1.0,0
TRE6PP,0.07101150103656317,-21.69724397082363,-1.5407538627247064,-7.283441393581484,-1.3764747161988282,-13.03732786104332,1.0,0
TRE6PS,0.03660073658812317,-31.275981842378016,-1.144723972947801,-21.23927146551091,-1.109937975505808,-8.926772401361298,1.0,0
TREH,0.07101150103656317,-22.846616090535278,-1.6223725021950068,-11.440300808702773,0.22387731837900304,-11.630192600211508,1.0,0
TREHe,-2.228793761972506,6.181983963425033,-13.778367294295782,-11.436727199306006,0.22387731840499825,17.39483384432604,0.0,0
TRPAS1,0.04159580150339925,-58.60316222240146,-2.4376455032745166,-9.818995114768,-4.555809461098534,-44.228357646534924,1.0,0
TRPAS2,0.05130299019466085,-20.27343246838833,-1.0400877071378454,20.3456501170823,-0.0073256743897403,-40.61175691108089,1.0,0
TRPS1,0.019015830089636327,-50.985047925666706,-0.9695230084664431,-31.389261187062743,-2.902433602169463,-16.6933531364345,1.0,0
TRPS2,0.0701886695174444,-32.977009119497744,-2.3146123947621775,-50.5614226906992,-1.7262989385909648,19.310712509792424,1.0,0
TRPS3,0.01888567930983195,-18.00803880618185,-0.3400940458925594,19.172161503636516,-1.1761346635914478,-36.00406564622692,1.0,0
TRSAR,0.0,-7.423372443133747,-0.0,-27.190161782277244,0.8344878161900304,18.932301522953466,1.0,0
TYRTA,-0.09194625428389527,24.918249424102317,-2.2911396978580387,0.3230186145120797,-0.8170107596519766,25.412241569242212,0.0,0
U23GAAT,0.011791580702056798,-220.5057388857457,-2.600111215337934,-940.4709793273182,707.4390533430269,12.52618709854562,1.0,0
UAAGDS,0.019371882581950453,-7.788263054132612,-0.15087331740199977,-15.209268391709088,-2.2978137114764947,9.718819049052971,1.0,0
UAGAAT,0.011791580702056798,-214.32470246744526,-2.5272270255891924,-908.0509182467708,703.854025589535,-10.127809810209442,1.0,0
UAGCVT,0.019371882581950453,-17.742161880000427,-0.3436990766893256,-1.8656131701409322,-5.392547894815224,-10.484000815044272,1.0,0
UAGDP,0.050535345865957704,-13.423055847515572,-0.6783387698322655,-6.352087180646549,-0.021385205191185364,-7.0495834616778374,1.0,0
UAGPT3,0.019371882581950453,-18.810642045406333,-0.3643975489947118,-12.008588676969339,-5.283402449316181,-1.5186509191208124,1.0,0
UAMAGS,0.019371882581950453,-13.922697517936307,-0.26970886154147516,-33.89470554663035,3.4695969040269654,16.502411124667077,1.0,0
UAMAS,0.019371882581950453,-19.59822818963262,-0.37965457530383456,-25.023592061009367,5.366334641925053,0.05902922945169209,1.0,0
UAPGR,0.019371882581950453,-53.5660775336944,-1.037675764358382,-55.2527625460898,1.9987596247714097,-0.31207461237600853,1.0,0
UDCPDP,0.019371882581950453,-47.15601025857148,-0.9135006937622977,-39.70449940859908,-2.944188979429673,-4.507321870542722,1.0,0
UGMDDS,0.019371882581950453,-9.226577410328778,-0.17873617422616558,-26.574636750627178,-2.558095541872683,19.906154882171084,1.0,0
UHGADA,0.011791580702056798,-53.53233733410858,-0.6312308758448694,-17.8760978781346,2.038130903829938,-37.69437035980392,1.0,0
UMPK,0.33321780424664743,-1.5200697964125596,-0.5065143198622415,-0.948787327410173,0.7771649466280202,-1.3484474156304067,1.0,0
UNK3,0.004913158625857,-6.741469494183065,-0.03312190899629735,10.858567871676598,7.709855771908941,-25.309893137768604,1.0,0
UPPRT,0.28396832659019794,-17.434132135259638,-4.950741328002074,-15.397373446040262,-1.9300933586984428,-0.10666533052093286,1.0,0
URIDK2r,-0.0008195594253521662,9.540772485015975,-0.007819230015235452,3.895586865336554,2.094028470933644,3.5511571487457765,0.0,0
URIK2,0.07498062175058876,-15.822025864843493,-1.1863453366998618,-12.40203642102449,-1.8759121646174712,-1.544077279201531,1.0,0
USHD,0.005895790351028399,-58.33282899405433,-0.34391813033133517,-38.23989811171168,0.4961640031925114,-20.58909488553516,1.0,0
VALTA,-0.1401965056616439,25.55627297702931,-3.5829001691146067,10.64836622773305,-5.494002953917736,20.401909703213995,0.0,0
VPAMT,0.1419591754490758,-19.93621151228091,-2.83012814786177,-10.458294629942031,5.225562348294218,-14.703479230633096,1.0,0
XPPT,0.0,-44.40616784552384,-0.0,-21.764541893389506,-1.2596212692043878,-21.382004682929946,1.0,0
biomass,0.701879803693857,-436.47416292950015,-306.35239979439814,-1016.1817109199101,1248.3903506487945,-668.6828026583846,0.0,0
EX_ac,8.892072999590802,280.69146336783484,2495.928982628755,242.11366800724952,-1.0637187090019637,39.64151406958733,0.0,0
EX_co2,13.910841157708909,569.6941233716982,7924.924458703916,546.3566607458444,-1.4458504330989659,24.783313058952736,0.0,0
EX_glc,-10.759648227680117,415.42277242529684,-4469.802897063806,406.5888879312493,-0.5666466283806922,9.400531122428196,0.0,0
EX_h,34.70588534764778,0.0,0.0,0.0,0.0,0.0,0.0,0
EX_h2o,17.27159745577562,152.13829569558885,2627.6714008619715,153.42842199158224,-1.2901262959933864,0.0,0.0,0
EX_nh3,-8.2364191864677,-75.18639089594664,619.2666325366354,-86.67228741621733,1.6253675030959114,9.860529017174773,0.0,0
EX_o2,-13.385155610260005,5.436117535094239,-72.76327912289943,-16.399999999865173,-0.13323635639572204,21.969353891355134,0.0,0
EX_pi,-0.6697596872732954,1064.8356499045306,-713.1839918775146,1057.2415765268904,0.51540915852033,7.078664219119969,0.0,0
EX_so4,-0.16357940517061387,761.146036085857,-124.50781583089508,748.4470373918437,1.3842959946184554,11.314702699394848,0.0,0
ABUTt2,0.0,0.5,0.0,-0.01792770572267699,0.0,0.517927705722677,0.0,0
ACt2r,-8.892072999590802,0.5,-4.446036499795401,-3.558453661813374,0.0,4.058453661813374,0.0,0
ALAabc,0.027071820647209092,-133.522991094782,-3.6147104671968346,-118.61696566930016,-1.7003211172301214,-13.205704308251708,1.0,0
ALARi,-0.027071820647209092,16.70447281018681,-0.4522204919235582,-0.11132132338885015,0.0,16.81579413357566,0.0,0
ARBabc,0.0,-96.62700657027865,-0.0,-64.40719505902752,-1.7003211172246466,-30.51949039402649,1.0,0
ARBt2r,0.0,-0.5,-0.0,-0.0020080478008779323,0.0,-0.49799195219912207,1.0,0
ARGabc,0.0,-29.643660884630904,-0.0,11.163500649985366,-1.7003211172303736,-39.1068404173859,1.0,0
ARGORNt7,0.0,-18.676782550796315,-0.0,-0.06196997177202235,0.0,-18.614812579024292,1.0,0
ASNabc,0.026026186803753504,-122.85183960873734,-3.197364926841762,-100.58024153568996,-1.7003211172104926,-20.57127695583688,1.0,0
ASNt2r,-0.026026186803753504,9.342138518001303,-0.24314024221604283,-0.1080829680068689,0.0,9.450221486008171,0.0,0
ASPabc,-0.2054339801685765,28.637313765305922,-5.88307734814316,58.08994854600738,-1.7003211172104926,-27.752313663490963,0.0,0
ASPt2,0.2054339801685765,-1.4700801120353297,-0.30200440858208466,-3.7392648903635433,0.0,2.2691847783282135,1.0,0
ATPS4r,0.19753803776319775,-24.070429292904933,-4.754825370638236,-39.93134960729958,0.8501710934915736,15.01074922090307,1.0,0
Cex,-5.063195643323839,14.47275,-73.27836474691509,14.47275,0.0,0.0,0.0,0
CHLabc,0.0784636502238383,-41.52654923559397,-3.2583246342246452,-6.743996756282527,-1.7003211172246324,-33.08223136208681,1.0,0
CHLt2r,-0.0784636502238383,0.5,-0.03923182511191915,3.56073292025944,0.0,-3.06073292025944,0.0,0
CO2t,-13.91084115770003,0.8019706701363241,-11.15608660540065,-3.595155342469333,0.0,4.397126012605657,0.0,0
CYTBD,0.09426939471994839,-42.28402364894957,-3.9860893157104593,-67.80548967434913,6.6483791304626045,18.873086894936954,1.0,0
CYTBO3,26.540465698263056,-6.217052092493123,-165.00345780512828,-31.73851811789268,6.6483791304626045,18.873086894936954,1.0,0
DMSOR1e,0.0,-248.70218758667608,-0.0,-237.55996793839233,1.383779145849985,-12.525998794133741,1.0,0
DMSOR2e,0.0,-176.40074569348943,-0.0,-185.2052525088967,1.4689679304479544,7.335538884959325,1.0,0
FDH2,0.0,-122.10531230874255,-0.0,-107.92666869819361,-3.9436331628990153,-10.23501044764993,1.0,0
FDH3,0.0,-19.05058808939013,-0.0,-25.400248949470022,2.7913905948906654,3.558270265189228,1.0,0
FORt,0.0,-15.704161786988237,-0.0,-3.5594798830053165,0.0,-12.14468190398292,1.0,0
FRUpts,0.0,-58.1089488605742,-0.0,-41.679995448603385,-0.8903699195625876,-15.538583492408229,1.0,0
FRUpts2,0.0,-53.552232136956526,-0.0,-42.55237875741721,-0.8735613748957576,-10.12629200464356,1.0,0
FUMt22,0.0,3.595870093378732,0.0,-7.120895127527504,0.0,10.716765220906236,0.0,0
GALabc,0.05033640937375607,-59.56003501382219,-2.998038304770999,-28.340268465068608,-1.7003211172246289,-29.51944543152895,1.0,0
GALt2,-0.05033640937375607,0.5,-0.025168204686878037,-0.002053010298418201,0.0,0.5020530102984182,0.0,0
GLCDe,0.014875004306034008,-210.04826545416554,-3.124468853105687,-196.0730032312984,-6.280901078206105,-7.694361144661039,1.0,0
GLCNt2r,0.014875004306034008,-19.49195627993905,-0.28994293359712,-3.5607863922800718,0.0,-15.931169887658978,1.0,0
GLCpts,1.364353981071783,-54.6980837479385,-74.62754831849769,-45.30386426774037,-0.9950457206325964,-8.399173759565528,1.0,0
GLCt2,4.922831718384526,-11.631238115924193,-57.258627921154684,-0.0020530102986455745,0.0,-11.629185105625547,1.0,0
GLUabc,0.0,-91.68691001116974,-0.0,-86.18585317716706,-1.7003211172346653,-3.800735716768017,1.0,0
GLUABUTt7,0.0,21.973582337347153,0.0,-3.7292526819895215,0.0,25.702835019336675,0.0,0
GLUt2r,0.0,22.473582337347153,0.0,-3.7471803877121985,0.0,26.220762725059352,0.0,0
GLUt4,0.0,36.63215619636842,0.0,0.04348750578719418,0.0,36.58866869058123,0.0,0
GLYBabc,0.0,-70.66930181918381,-0.0,-46.371438657701304,-1.7003211172388433,-22.597542044243667,1.0,0
GLYBt2r,0.0,7.424218972880816,0.0,0.00026257529711415373,0.0,7.4239563975837015,0.0,0
GLYC3Pabc,0.032923679894470745,-116.23043003079192,-3.826733472330473,-89.46906730667745,-1.7003211172104926,-25.061041606903984,1.0,0
GLYC3Pt6,-0.032923679894470745,7.380497796468934,-0.24299314691278986,-0.10367854729178916,0.0,7.484176343760723,0.0,0
H2Ot,-15.05767869808669,0.0,-0.0,2.1316282072803006e-14,0.0,0.0,0.0,0
HISabc,0.0,-123.96835338108563,-0.0,-82.35159332299382,-1.7003211172306152,-39.9164389408612,1.0,0
HISt2r,0.0,-9.807861032572784,-0.0,0.08707946646104148,0.0,-9.894940499033826,1.0,0
Ht,-0.18068435089333335,18.033485778228226,-3.2583686721833254,18.033485778228226,0.0,0.0,0.0,0
HYD1,0.0,-114.88684123301542,-0.0,-124.1044810175084,-5.912294548747074,15.129934333240062,1.0,0
HYD2,0.0,-11.83211701366282,-0.0,-41.57806126878481,0.822729209042766,28.92321504607922,1.0,0
HYD3,0.0,-84.13355566563642,-0.0,-93.9327743161699,0.737541283547321,9.061677366986155,1.0,0
ILEabc,0.0,-52.87749295465011,-0.0,-10.397174129182545,-1.7003211172104926,-40.77999770825707,1.0,0
ILEt2r,0.0,-10.850943719052495,-0.0,-0.09244445264057788,0.0,-10.758499266411917,1.0,0
Kabc,0.047805170584222165,-113.66049234849274,-5.433559225406373,-78.87793701122665,-1.7003211172104926,-33.0822342200556,1.0,0
Kt2r,-0.047805170584222165,0.5,-0.023902585292111082,3.5607357782282243,0.0,-3.0607357782282243,0.0,0
LEUabc,0.0,-36.00298251667078,-0.0,-10.40688397960686,-1.7003211172304447,-23.895777419833472,1.0,0
LEUt2r,0.0,6.023566718929004,0.0,-0.10215430306489282,0.0,6.125721021993897,0.0,0
LYSabc,0.1023526093695248,-15.215390201423986,-1.5573348896912445,11.2254916968445,-1.7003211172302173,-24.74056078103827,1.0,0
LYSt2r,-0.1023526093695248,8.777673255947338,-0.8984177619393028,3.496735595158242,0.0,5.280937660789096,0.0,0
NADH6,22.216625538256917,-84.7770110462565,-1883.459108667351,-91.88234137879309,-4.782751272285783,11.888081604822364,1.0,0
NADH7,-0.17640975667712674,18.277717117434182,-3.2243676292999184,-9.355921630069506,1.9522764298421649,25.681362317661524,0.0,0
NADH8,0.0,-54.02372239369265,-0.0,-61.7106346774546,1.867087645193493,5.8198246385684556,1.0,0
NAt31,0.0,-28.317147718042524,-0.0,-7.581335786998777,0.0,-20.735811931043745,1.0,0
NH3t,8.2364191864677,-4.898450887876674,-40.345694876877175,3.3431228653926546,0.0,-8.241573753269329,1.0,0
NMNP,0.0,-17.265857794125303,-0.0,-3.3350470714755076,0.0,-13.930810722649795,1.0,0
NMNt7,0.0,-69.2188658455991,-0.0,-34.304016155736456,-4.872599251578663,-30.04225043828398,1.0,0
NO3R1,-0.18161762642408832,37.72274706972004,-6.851115784998787,22.163441418757685,6.854092211705675,8.705213439256683,0.0,0
NO3R2,0.18161762642408832,-65.33197714966059,-11.865438619514132,-60.36297832996635,0.11906845388824117,-5.088067273582476,1.0,0
O2t,13.385155610260005,-0.5,-6.692577805130003,0.0,0.0,-0.5,1.0,0
ORNabc,0.0,-47.03384989029087,-0.0,-24.84150093469906,-1.7003211172302137,-20.492027838361594,1.0,0
PIabc,0.06422084470736994,-51.47698412698413,-3.305895403622795,-17.23144564647277,-1.7003211172106205,-32.54521795067135,1.0,0
PIt2r,0.5726151626714547,-9.450435478750375,-5.411462648980733,-6.926715969930795,0.0,-2.52371950881958,1.0,0
PROabc,0.0,-104.88699588750481,-0.0,-82.4405839264379,-1.7003211172304304,-20.746090843836484,1.0,0
PROt2r,0.0,9.273496461007849,0.0,-0.0019111369830326908,0.0,9.275407597990881,0.0,0
PROt4,0.0,23.432070320029116,0.0,3.7887567565163636,0.0,19.643313563512752,0.0,0
PTRCabc,0.0,-62.02724115162573,-0.0,-21.22873128020284,-1.7003211172307715,-39.09818875419212,1.0,0
PTRCORNt7,0.0,-14.993391261334306,-0.0,3.612769654496219,0.0,-18.606160915830525,1.0,0
PTRCt2r,0.0,-1.967206137797401,-0.0,7.109484174567349,0.0,-9.07669031236475,1.0,0
SERt2r,0.0,-0.5,-0.0,-0.3469086864415516,0.0,-0.1530913135584484,1.0,0
SERt4,0.0,13.658573859021253,0.0,3.443759207057827,0.0,10.214814651963426,0.0,0
SUCCabc,-22.1,3.077606549170376,-68.01510473666532,36.68904232572878,-1.7003211172106205,-31.91111465934778,0.0,0
SUCCt22,22.1,-8.996301549939385,-198.81826425366043,-7.106685332413914,0.0,-1.8896162175254716,1.0,0
SUCFUMt,0.0,12.592171643318114,0.0,-0.01420979511359377,0.0,12.606381438431708,0.0,0
SULabc,0.16357940517061387,-82.283507248257,-13.459887171021775,-35.45968360493718,-1.7003211172228276,-45.123502526096985,1.0,0
THD2,-0.17641703365801822,6.978284020678288,-1.2310881669512121,-18.149286874789198,-0.10668881945484543,25.23425971492233,0.0,0
THRabc,0.0,-128.81906620753404,-0.0,-82.74051676659144,-1.7003211172305441,-44.37822832371205,1.0,0
THRt2r,0.0,-14.65857385902126,-0.0,-0.30184397713657773,0.0,-14.356729881884682,1.0,0
THRt4,0.0,-0.5,-0.0,3.488823916362808,0.0,-3.988823916362808,1.0,0
TMAOR1e,0.0,-254.26654220035618,-0.0,-240.85887214938384,-0.33559415892545985,-13.072075892046868,1.0,0
TMAOR2e,0.0,-181.96510030716973,-0.0,-188.50415671988821,-0.2504053743277179,6.789461787046198,1.0,0
TREpts,2.228793761972506,-39.97845254860968,-89.10372565365509,-47.186651001311304,-0.12419106864088647,7.33238952134251,1.0,0
VALabc,0.04350641089388942,-72.43292397079789,-3.1512965525193857,-46.45772711435259,-1.7003211172104926,-24.2748757392348,1.0,0
VALt2r,-0.04350641089388942,5.660596821256021,-0.24627225121020882,-0.08602588135417477,0.0,5.746622702610196,0.0,0
XYLabc,0.0,-95.62700657027864,-0.0,-64.40539252844752,-1.7003211172246324,-29.521292924606485,1.0,0
XYLt2,0.0,0.5,0.0,-0.0002055172208841327,0.0,0.5002055172208841,0.0,0
biomass_ce,0.701879803693857,0.0,0.0,2.8421709430404007e-13,0.0,0.0,0.0,0
biomass_EX,0.701879803693857,-445.5174603174603,-312.6997075898048,-445.5174603856917,0.0,0.0,0.0,0
OROTex,0.6098725985148709,-7.74072954964139,-4.720858844840641,-14.47392143750265,0.0,6.73319188786126,1.0,0
DCTA,-0.26618414473873536,10.292756228586832,-2.7397685137106773,3.559564340725572,0.0,6.73319188786126,0.0,0
EX_oro,0.3436884537891089,487.6556609770365,167.60162010270358,457.39074993293843,5.848817287941392,24.41609375615665,0.0,0
