,id,v,drg0,drg,z_drg,z_drg0,sp_drg
0,2DGLCNRx,-2.0199999539727287e-07,,0.5677976296113982,1.252138759792944,,2.865481395670425e-09
1,2DGLCNRy,2.0199999539727287e-07,,-11.668194386982972,0.025342888729070118,,1.2947042676913801e-10
2,2DGULRx,-12.94080071624454,,4.882880733016981,1.424192292721428,,3.275798305747008e-10
3,2DGULRy,12.940800918244536,,-7.353111283577391,0.25647789071838806,,2.0079025691971486e-10
4,A5PISO,0.02817525850283585,,-3.3639446094062566,-0.005208096270133078,,4.730973512158189e-10
5,ACALDi,42.20911389068462,,-1.4114723552411377,0.06353046103971399,,2.7063385165093805e-10
6,ACCOAL,-2.0200000000000004e-07,,15.193019287925422,0.4414706935148023,,1.237166855061853e-10
7,ACKr,-100.0,,13.29312975540329,0.17016388737912935,,1.2778298105342866e-10
8,ACONT,42.35756310141477,,-0.1000000000000636,-1.6965641240570988,,0.6752731091022783
9,ACS,90.9726683537965,,-0.6108765411429609,1.2508802354235216,,2.1261134853578813e-10
10,ALDD2x,1e-05,,-74.32665699205998,-1.3559399506248027,,1.9554282169729154e-11
11,AMALT1,1.5589515866134576,,-0.1000000000000063,0.11660503819621816,,0.12380816590279975
12,AMALT2,-1.8486658134615248e-07,,0.10000000000000053,-0.0248398238035185,,0.18385004499785174
13,AMALT3,-1.8409272523478317e-07,,0.10000034534588997,0.13606628186538297,,0.009672114897115905
14,AMALT4,-1.558951217654151,,0.10000034534588553,0.13606804443932433,,0.009351510720131101
15,CITL,1e-05,,-28.045971870194517,-1.233659014210283,,5.745892835372779e-11
16,CS,42.35757310141478,,-44.86921276662431,-0.3682219985054521,,3.6299340589291534e-11
17,DHAPT,10.670664469307576,,-33.894873536112044,-0.20741792529616904,,4.637133784208548e-11
18,DKGLCNR1,2.0199999539727287e-07,,-16.918872756458903,0.43384184769371587,,8.918098261450266e-11
19,DKGLCNR2x,-100.0,,0.10000000000000853,1.8719305193595541,,0.32660868280822036
20,DKGLCNR2y,99.999999798,,-12.1359920395344,0.6480393594587159,,1.2374219988560465e-10
21,DRPA,2.019999243429993e-07,,-0.10000000000008713,0.07410254244263043,,0.014467461277390325
22,EDA,1e-05,,-5.3719818122985075,-0.09114174425817304,,4.464579216328301e-10
23,EDD,1e-05,,-44.17968670356972,-0.02837016001547224,,3.3499761499945944e-11
24,ENO,100.0,,-5.544224121728043,0.4543587273744117,,2.828896897902906e-10
25,F6PA,10.691675415690316,,-0.8036832862232516,0.08428677478114059,,3.862208779892714e-09
26,FBA,-2.0200000000000004e-07,,3.0807709865133313,0.1621250557495488,,4.934350750164774e-10
27,FBP,1.0202e-05,,-34.44028097710951,0.1789254487924372,,4.2849737250505454e-11
28,FRD2,2.0199999539727287e-07,,-36.62766365207812,-0.36886563831707,,4.075230729103441e-11
29,FRD3,100.0,,-12.034843878844589,-0.12237508778353114,,1.2833656761343837e-10
30,fum,-2.0200000000000004e-07,,0.4721500020495218,-0.009199458158865054,,4.148427343195756e-09
31,G1PP,91.0634496578343,,-31.562439333084995,0.6814412334820935,,4.652236844965066e-11
32,G3PD2,-2.0200000000000004e-07,,23.433870577647763,0.011524281363213956,,6.502758757237731e-11
33,G3PD5,1e-05,,-103.89257416808533,0.17442637455667118,,1.3031150523205422e-11
34,G3PD6,-0.08975465311294101,,5.867157207946777,0.3837150217092541,,2.8769580076825336e-10
35,G3PD7,2.0199999539727287e-07,,-18.72566233851932,0.16379364275957756,,7.957185281853758e-11
36,G6PDA,1.8813141886519284e-07,,-18.01464264000757,-3.661215126320803e-05,,0.0
37,G6PDH2r,1.2580653776089354,,-13.045641844492001,0.0027099421137906643,,1.174517690348874e-10
38,GALU,0.013282823667265898,,-0.10000000000000941,-0.058844839409497335,,0.11428526942289427
39,GAPD,10.744815802461963,,-1.6004581370040079,-1.3940166577103328,,9.956680348162962e-10
40,GLCP,-0.10329928117706477,,38.367460273639495,-0.5898371961506793,,0.0
41,GLCS1,1e-05,,-75.96026169818425,-0.08783121038593394,,1.8894099748704973e-11
42,GLGC,4e-05,,-9.626821024993792,0.326125923200054,,1.5150079891561305e-10
43,GLXCL,1e-05,,-24.158764381787417,-0.012730784477530422,,6.310716544674912e-11
44,GLYCDx,-0.021010946382739048,,5.724537651496529,-1.2361462337475229,,2.7769178771204884e-10
45,GLYCK,1.0000000000000003e-05,,-17.607498987759985,0.3168136756090568,,8.692497831699868e-11
46,GLYCLTDx,2.0199999539727287e-07,,-25.937407110021734,1.2537891645538377,,5.847348589930939e-11
47,GLYCLTDy,2.0199999539727287e-07,,-38.173399126852736,0.025974161743975197,,3.877947406661548e-11
48,GLYCTO2,0.03354237840813332,,-89.15304562251364,0.12723190737095771,,1.5540768226218785e-11
49,GLYCTO3,-2.0200000000000004e-07,,20.606685866526057,0.31027742489196675,,7.415587968266584e-11
50,GLYCTO4,2.0199999539727287e-07,,-3.9861339067081554,0.11747707650206195,,3.8659121665367895e-10
51,GLYK,100.0,,-21.15810763045834,-0.02668648394113421,,7.258289576730209e-11
52,GND,1.2580653776089354,,-22.7898911474644,-0.1415135940392257,,7.054441953839076e-11
53,GNK,9.999999999999999e-06,,-15.88714838051644,-0.01023564061231775,,9.705594669332826e-11
54,HEX1,92.62243205168568,,-22.34706189151502,-0.23424236969284717,,6.873891731593623e-11
55,HPYRI,-4.0399999079454574e-07,,1.7412553547724372,0.022535274744371142,,1.0471512631795196e-09
56,HPYRRx,2.0199999539727287e-07,,-13.346048219068155,1.222839732776284,,1.1894742482632474e-10
57,HPYRRy,2.0199999539727287e-07,,-25.582042165284395,-0.008467936175886731,,5.936037734455789e-11
58,ICDHyr,0.7155553836027518,,-29.06496627519335,-0.1418195832305339,,5.426611309721661e-11
59,ICL,41.64200771781202,,-10.847147428181666,-0.021182948598013868,,1.4439621019512602e-10
60,IDOND,-4.0399999079454574e-07,,0.09999999999999964,1.3055801123226094,,0.17731725511133925
61,IDOND2,2.0199999539727287e-07,,-12.135992052495249,0.0792252944053812,,1.2374220031345183e-10
62,LDHD,-2.0200000000000004e-07,,4.7865420135849135,-1.297436191229436,,2.902772328015191e-10
63,LDHD2,10.579088626391954,,-110.30391090937049,0.06990711090351823,,1.2300133255740947e-11
64,L-LACD2,9.999999999999997e-06,,-107.87942226397033,0.015608433642880594,,1.2708603549693223e-11
65,L-LACD3,-9.999999999999997e-06,,1.880309115694617,0.19257559505396327,,5.072196213354651e-10
66,MALS,41.67552969222016,,-48.716396320011086,-1.4536364551500813,,3.307156109242307e-11
67,MCITD,2.01999938553854e-07,,-2.3048890999301026,0.0718481842439309,,1.445091166596144e-09
68,MCITL2,2.01999938553854e-07,,-12.251372167675573,0.02430082729135671,,1.349598509060142e-10
69,MCITS,2.01999938553854e-07,,-50.751909823946036,-0.7318589394302315,,2.7491729206134814e-11
70,MDH,-37.11421273058457,,5.158223118761379,-1.524769169100992,,2.9997901671571516e-10
71,MDH2,1e-05,,-109.93222960347782,0.08170790200672748,,1.2278095291342435e-11
72,MDH3,4.712704471463257,,-0.17249822381241087,0.28478235596664525,,0.040199252188679466
73,ME1,2.0199999539727287e-07,,-40.21910664909032,-1.5152211331861998,,3.9614701075553306e-11
74,ME2,74.07702754734147,,-27.983114632259326,-0.28633746176910807,,6.033762329115977e-11
75,MICITD,2.01999938553854e-07,,-0.10000000000004361,-0.38586774974630184,,0.10115308091967438
76,MLTG2,1.5589515866134576,,-31.262438958204452,0.3031495894772695,,4.697557710126159e-11
77,MLTG3,1.8741978000772054e-07,,-31.462439031611,0.46626224160631174,,4.66724974487492e-11
78,MLTG4,2.0106088570528165e-07,,-31.462439303550347,0.28058772739643795,,4.66724973182399e-11
79,MLTG5,1.9958085428320866e-07,,-31.462439303550347,0.28058568400440964,,4.667249737733435e-11
80,MLTP1,-3.72286361353873e-07,,0.10000000000000586,-0.17653421913636116,,0.4002255903023718
81,MLTP2,-3.851536109400648e-07,,0.09999999999999742,-0.33894257646670256,,0.1692452829515675
82,MLTP3,-1.5589514172350052,,0.10000000000000142,-0.3389443522498035,,0.09679901955913295
83,MMCD,40.50371708048669,,-49.07168086994663,-0.33862470306253345,,3.382990872868876e-11
84,MME,40.50371708048669,,-0.10000000000006182,0.0022439787582575477,,0.014052449731670899
85,MMM2,40.50371708048669,,-0.09999999999998721,-1.1199604596441997,,0.030150875742736505
86,NADH10,2.0199999539727287e-07,,-5.330721352870206,1.4427854264720443,,2.241044563310314e-10
87,NADH5,1e-05,,-115.09045273253516,1.1971798255109203,,0.0
88,NADH9,2.0199999539727287e-07,,-29.923541016729665,1.189651943712588,,0.0
89,OBTFL,-40.50371687848674,,4.644762689378368,0.739474204082236,,2.1129815425741953e-10
90,PDH,2.0199999539727287e-07,,-43.201316545347346,0.1272416362587082,,3.0420558713301684e-11
91,PFK,1e-05,,-19.56922086977803,-0.06860199343237589,,7.797467272803247e-11
92,PFL,100.0,,-5.2917393608093715,1.4231258658259796,,1.433178666926878e-10
93,PGI,10.4642604245847,,-0.2723929842960215,-0.09489714944141961,,9.021710601757418e-09
94,PGK,-10.744815802461963,,8.437544364867009,-0.45384096637823035,,1.8419907139473305e-10
95,PGL,1.2580653776089354,,-26.79833510027621,-0.00019883696668648865,,5.643001778957133e-11
96,PGM,-100.0,,0.09999999999999698,0.648843120503196,,0.18238529095925432
97,PGMT,-93.0489217808848,,0.10000000000000053,0.770624435573448,,1.0778703448823244
98,POX,2.8870722291359314,,-231.20695391470164,0.09867095303275646,,4.676691847636908e-12
99,ppa,100.0,,-34.98448078361434,0.25203751464949087,,4.1999776436652086e-11
100,PPAKr,2.0199999539727287e-07,,-15.093019287925124,2.0999376721657965,,1.2473837363606646e-10
101,PPC,100.0,,-26.84227961651516,0.13278925840691846,,5.362452887275733e-11
102,PPCK,23.41761050572099,,-27.16722296674871,-0.04231958056278408,,5.738936798212379e-11
103,PPCSCT,-4.039999953972729e-07,,0.09999999999999964,1.7151908970479826,,0.6112242581287559
104,PPM,1.8666944857178922e-07,,-0.8578642245059801,0.017417959355448417,,2.0298413433599157e-09
105,PPM2,2.019999243429993e-07,,-26.05299797808708,0.08603232518463688,,5.697364414567935e-11
106,PPS,100.0,,-36.29093238306252,0.3748196678899846,,3.8026319246855844e-11
107,PTA2,2.0199999539727287e-07,,-0.10000000000006892,-1.9561179766063135,,0.6962766088878859
108,PTAr,100.0,,-5.6125538732677285,-1.4006460394920501,,2.594663733140245e-09
109,PYK,100.0,,-18.210106676454025,-0.3337441914416527,,9.259579671722711e-11
110,RPE,0.2926203873550337,,-5.296338363636619,0.03261773742922226,,2.9617272913887353e-10
111,RPI,-0.9372563149613026,,3.631942194974547,0.029650373322167717,,4.374058135654828e-10
112,SUCD,1.108810076855982,,-73.13206783696114,0.13426173782835205,,1.9339774139715555e-11
113,SUCOAS,-59.15240676473658,,15.293019287925418,2.333771222896367,,1.227113883181715e-10
114,TALA,0.27571513094411293,,-0.09999999999997256,-0.3135262649440671,,0.09417605880940061
115,TKT1,0.2926202860458144,,-3.7407495175931404,0.16747799590016016,,4.4126168083847806e-10
116,TKT2,1.0130921926371619e-07,,-6.359238636285833,0.30276486774128086,,2.4592747505393633e-10
117,TPI,-2.0200000000000004e-07,,3.031047341091588,0.16194563523410638,,5.014533415099567e-10
118,TRDR,0.22356349898554956,,-4.338549325731944,-0.005061729912509069,,3.6875097702802093e-10
119,TRE6PH,1.8442690486477078e-07,,-25.24556261282218,0.2360381089672881,,5.853739253754459e-11
120,TRE6PP,1.0017374738418292e-05,,-26.905368763883143,0.14515290654570534,,5.4302965484500915e-11
121,TRE6PS,2.018016432830636e-07,,-24.124096195022293,0.0772972350820917,,6.493572683345008e-11
122,TREH,1.0017374738418292e-05,,-30.002633212261888,0.21934734607197773,,4.946014376132529e-11
123,TRSAR,9.596000009205457e-06,,-15.08730441483452,1.1905161519142156,,1.0577359947365376e-10
124,ATPS4r,1e-05,,-18.124440529649487,-0.17029965766828153,,8.686336265726666e-11
125,CYTBD,1e-05,,-48.881060046809594,-0.19334165453274915,,0.0
126,CYTBO3,44.699213231160364,,-12.814088490353132,-0.19334165453274915,,1.3277195144606872e-10
127,FDH2,1e-05,,-116.25249033408845,0.16126813274576962,,1.1454336774778545e-11
128,FDH3,24.89909170944783,,-6.492758886451734,0.3452854813058757,,2.2697362505839152e-10
129,GLCDe,1e-05,,-205.5510319763025,0.06537669330261696,,5.584659409925356e-12
130,HYD1,1e-05,,-109.6597314890397,0.3312052296724772,,1.2303910526253954e-11
131,HYD2,-1.0201999995397275e-05,,0.09999999999999609,0.5428246265787801,,0.13315406384634768
132,HYD3,2.0199999539727287e-07,,-24.492817391123683,0.321279431181125,,6.17838558448044e-11
133,NADH6,1e-05,,-88.04022406519282,1.1971798255109205,,1.5716368126092642e-11
134,NADH7,-100.0,,21.719507314472125,1.4427854264720437,,0.0
135,NADH8,99.99999919200003,,-2.873309967276798,1.1896519437125888,,5.454927971922028e-10
136,NO3R1,-1e-05,,30.70892473131287,-0.14238028070513958,,4.731515283846619e-11
137,NO3R2,1e-05,,-79.0508067163243,-0.31463197299677614,,1.8021225795915598e-11
138,THD2,100.0,,-5.797493761633859,1.2315657446708617,,2.8683363416178407e-10
