,lb,ub
2dhglcn_c,9.999999999999994e-05,1.0000000000000002
nadh_c,9.999999999999994e-05,2.8331401300858796
glcn_c,9.999999999999994e-05,0.751009460922482
nad_c,0.00010000000000000029,21.6802092686359
nadph_c,9.999999999999994e-05,2.8197358694660406
nadp_c,9.999999999999994e-05,0.06950785924102032
2dhguln_c,0.00010000000000000029,1.0000000000000002
idon-L_c,0.00010000000000000029,1.0000000000000002
o2_c,0.10000000000000026,0.2470978718328591
h2o_c,1000.0,1000.0
pi_c,19.999999999999993,25.0
5dglcn_c,0.00010000000000000029,1.0000000000000002
ru5p-D_c,0.0856476106296137,3.162955304435487
ara5p_c,9.999999999999958e-05,1.0000000000000002
ACP_c,9.999999999999958e-05,1.0000000000000002
atp_c,1.6207718035278498,44.59032086276161
ttdca_c,9.999999999999958e-05,1.0000000000000002
amp_c,0.00010000000000000029,2.0997531815128556
myrsACP_c,0.00010000000000000029,1.0000000000000002
ppi_c,0.00010000000000000029,1.0000000000000002
ttdcea_c,0.00010000000000000029,1.0000000000000002
tdeACP_c,0.00010000000000000029,1.0000000000000002
hdca_c,9.999999999999816e-05,1.0000000000000002
palmACP_c,0.00010000000000000029,1.0000000000000002
hdcea_c,0.00010000000000000029,1.0000000000000002
hdeACP_c,0.00010000000000000029,1.0000000000000002
ocdcea_c,0.00010000000000000029,1.0000000000000002
octeACP_c,0.00010000000000000029,1.0000000000000002
dtdp_c,0.7920570976154985,1.6723844264994927
g6p_c,0.25208454979196676,5.2614894183850875
4abut_c,9.999999999999674e-05,1.0000000000000002
akg_c,0.04840461057148078,3.2439118626580323
glu-L_c,0.00010000000000000029,394.6431415905311
sucsal_c,9.999999905752718e-05,1.0000000000000002
4abutn_c,0.00010000000000000029,1.0000000000000002
accoa_c,9.999999999999887e-05,3.0197434338456963
ac_c,0.00010000000000000029,1.0000000000000002
coa_c,0.00010000000000000029,94.45831618726811
acald_c,0.00010000000000000029,1.0000000000000002
gtp_c,9.99999999532416e-05,46.05489420667836
co2tot_c,0.2000000000000002,0.4000000000000001
adp_c,0.007328521442919209,2.7252939115855623
malcoa_c,0.00010000000000000029,6.2549057746590115
ppa_c,9.999999145177933e-05,1.0000000000000002
ppcoa_c,0.008585566440419901,0.027807102002742997
uacgam_c,1.9891701059352034,48.07363043748239
udcpp_c,9.999999999999887e-05,1.0000000000000002
ump_c,0.00010000000000000029,1.0000000000000002
acglu_c,9.999999797072153e-05,1.0000000000000002
acg5p_c,0.00010000000000000029,1.0000000000000002
2obut_c,0.00010000000000000029,1.0000000000000002
pyr_c,0.00010000000000000029,16.540937373872374
2ahbut_c,0.00010000000000000029,1.0000000000000002
actp_c,0.00010000000000000029,4.9183975755305696
alac-S_c,0.00010000000000000029,1.0000000000000002
udp_c,2.4224834769649455,10.133264217369671
acACP_c,0.00010000000000000029,1.0000000000000002
acorn_c,0.00010000000000000029,2.643720488381643
orn_c,0.00010000000000000029,0.23316039947858894
amet_c,0.00010000000000000029,5.425505086089706
cit_c,0.00010000000000000029,58.45368293756967
icit_c,0.005808061665204102,0.4330126154795871
acg5sa_c,0.00010000000000000029,1.0000000000000002
pap_c,0.00010000000000000029,1.0000000000000002
adn_c,0.00020709858744249102,0.0006919119473422747
ins_c,0.00010000000000000029,1.0000000000000002
nh3_c,0.050000000000000044,1.0000000000000002
4adcho_c,0.00010000000000000029,1.0000000000000002
4abz_c,0.00010000000000000029,1.0000000000000002
chor_c,0.00010000000000000029,1.0000000000000002
gln-L_c,0.00010000000000000029,16.367596694852978
ade_c,0.0029568548321777994,0.09141525331664885
hxan_c,0.00010000000000000029,1.0000000000000002
gdp_c,0.00010000000000000029,3.5011219532279307
ametam_c,0.00010000000000000029,1.0000000000000002
gmp_c,0.01177302005774079,1.0829159384122378
prpp_c,0.00010000000000000029,1.0000000000000002
aps_c,0.011566171110607199,0.03321019014989513
paps_c,0.00010000000000000029,1.0000000000000002
dcamp_c,0.00010000000000000029,1.0000000000000002
fum_c,0.00010000000000000029,12.134886427998692
25aics_c,0.00010000000000000029,1.0000000000000002
aicar_c,0.00010000000000000029,1.0000000000000002
asp-L_c,9.999999999999994e-05,30.459167247132726
imp_c,0.3455601430376452,1.5773850744616515
gam6p_c,0.00010000000000000029,5.405067300319659
adphep-DD_c,0.00012140938235312915,1.0000000000000002
adphep-LD_c,0.00010000000000000029,0.823659572776197
ptrc_c,0.00010000000000000029,1.0000000000000002
hcys-L_c,0.8668690873453031,1.4843648755912653
10fthf_c,0.00010000000000000029,1.0000000000000002
fprica_c,0.00010000000000000029,0.9999999999999986
thf_c,0.00010000000000000029,1.0000000000000002
air_c,0.00010000000000000029,1.0000000000000002
5caiz_c,0.00010000000000000029,1.0000000000000002
5aizc_c,0.00010000000000000029,0.9999999999999986
ala-D_c,0.00010000000000000029,1.0000000000000002
alaala_c,0.00010000000000000029,1.0000000000000002
ala-L_c,0.00010000000000000029,11.043674674398996
pydx5p_c,9.999999999999958e-05,1.0000000000000002
pyam5p_c,0.00010000000000000029,1.0000000000000002
glyc_c,0.00010000000000000029,0.9999999999999986
malt_c,0.00010000000000000029,1.0000000000000002
malttr_c,0.00010000000000000029,1.0000000000000002
glc-D_c,0.00010000000000000029,1.0000000000000002
maltttr_c,0.00010000000000000029,1.0000000000000002
maltpt_c,0.00010000000000000029,1.0000000000000002
malthx_c,0.00010000000000000029,1.0000000000000002
malthp_c,0.00010000000000000029,1.0000000000000002
2dmmq8_c,0.00010000000000000029,1.0000000000000002
mqn8_c,0.00010000000000000029,1.0000000000000002
for_c,0.00010000000000000029,1.0000000000000002
r5p_c,0.00010000000000000029,1.4003465422343337
anth_c,0.0011908847344743673,0.014329068932374364
pran_c,0.00010000000000000029,1.0000000000000002
5apru_c,0.00010000000000000029,1.0000000000000002
5aprbu_c,0.00010000000000000029,1.0000000000000002
arab-L_c,0.00010000000000000029,1.0000000000000002
arg-L_c,0.00010000000000000029,48.51210202107248
argsuc_c,9.999999941833367e-05,1.0000000000000002
citr-L_c,0.4756995615180537,5.838501843992315
aspsa_c,0.00010000000000000029,0.9999999999999986
4pasp_c,0.00010000000000000029,0.9999999999999986
asn-L_c,0.00010000000000000029,3.1418854578943605
ala-B_c,0.00010000000000000029,1.0000000000000002
cbp_c,0.00010000000000000029,1.0000000000000002
cbasp_c,0.00010000000000000029,3.5050802595628423
q8_c,0.00010000000000000029,1.0000000000000002
iasp_c,0.00010000000000000029,1.0000000000000002
q8h2_c,0.00010000000000000029,1.0000000000000002
mql8_c,0.00010000000000000029,1.0000000000000002
succ_c,0.00010000000000000029,6.192868797421221
h2o2_c,0.00010000000000000029,1.0000000000000002
oaa_c,0.00010000000000000029,0.9999999999999986
succoa_c,0.00010000000000000029,10.005830987914187
sucarg_c,0.00010000000000000029,1.0000000000000002
prbatp_c,9.999999999999994e-05,1.0000000000000002
betald_c,0.00010000000000000029,1.0000000000000002
glyb_c,0.00010000000000000029,1.0000000000000002
btnso_c,0.00010000000000000029,1.0000000000000002
btn_c,9.999999944553679e-05,1.0000000000000002
cys-L_c,0.00010000000000000029,1.0000000000000002
actACP_c,0.00010000000000000029,1.0000000000000002
malACP_c,9.999999999999958e-05,1.0000000000000002
ddcaACP_c,0.00010000000000000029,1.0000000000000002
cdpdag1_c,0.00010000000000000029,1.0000000000000002
cmp_c,0.25293577480075224,2.42842093646731
paEC_c,0.00010000000000000029,1.0000000000000002
pphn_c,9.999999999999958e-05,1.0000000000000002
3psme_c,0.00010000000000000029,1.0000000000000002
pgEC_c,0.00010000000000000029,1.0000000000000002
clpnEC_c,0.00010000000000000029,1.0000000000000002
csn_c,0.016565512011598473,0.08401505195846534
ura_c,0.00010000000000000029,1.0000000000000002
utp_c,2.316336241779819,34.991428000604834
ctp_c,0.00010000000000000029,12.785329461759414
so3_c,0.00010000000000000029,1.0000000000000002
acser_c,0.00010000000000000029,1.0000000000000002
h2s_c,0.00010000000000000029,1.0000000000000002
cyst-L_c,0.00010000000000000029,1.0000000000000002
cytd_c,0.0008193694113263793,0.019138411129290038
uri_c,0.00010000000000000029,1.0000000000000002
cdp_c,0.00010000000000000029,1.0000000000000002
dcmp_c,0.00010000000000000029,1.0000000000000002
dcdp_c,0.00010000000000000029,1.0000000000000002
fad_c,0.00010000000000000029,1.543896995050693
fadh2_c,0.00010000000000000029,0.9999999999999977
dad-2_c,0.003598100458433229,0.01632801363150391
din_c,0.00010000000000000029,1.0000000000000002
damp_c,0.00010000000000000029,0.08092757301723554
dadp_c,0.00010000000000000029,0.9999999999999986
12dgrEC_c,0.00010000000000000029,1.0000000000000002
26dap-M_c,0.00010000000000000029,1.0000000000000002
lys-L_c,9.999999999999958e-05,2.217095847240272
26dap-LL_c,0.00010000000000000029,1.0000000000000002
db4p_c,0.00010000000000000029,1.0000000000000002
dctp_c,0.05854335069331975,0.1755508859532604
dutp_c,0.00011502740794398137,1.0000000000000002
dcyt_c,0.00010000000000000029,1.0000000000000002
duri_c,0.00010000000000000029,0.9999999999999986
2ddg6p_c,9.999999999999958e-05,0.057027058930045386
e4p_c,0.012362503741650745,0.10785233540287929
pep_c,0.13003374865925924,3.6751662593210637
2dda7p_c,9.999999999999994e-05,1.0000000000000002
g3p_c,0.00010000000000000029,1.0000000000000002
dgmp_c,0.08870564496533419,0.253529520750988
dgdp_c,0.00010000000000000029,1.0000000000000002
23dhmb_c,0.00010000000000000029,1.0000000000000002
3mob_c,0.00010000000000000029,1.0000000000000002
23dhmp_c,0.00010000000000000029,1.0000000000000002
3mop_c,9.999998462481307e-05,1.0000000000000002
dha_c,0.00010000000000000029,0.9999999999999986
dhap_c,0.027743688319622633,7.426111478671453
23dhdp_c,0.00010000000000000029,1.0000000000000002
thdp_c,0.00010000000000000029,1.0000000000000002
dhf_c,0.00010000000000000029,1.0000000000000002
dhpt_c,0.00010000000000000029,1.0000000000000002
dhnpt_c,0.00010000000000000029,1.0000000000000002
6hmhpt_c,0.00010000000000000029,1.0000000000000002
gcald_c,0.00010000000000000029,1.0000000000000002
dhor-S_c,0.0028398020591311724,0.04848925260264793
orot_c,0.00010000000000000029,1.0000000000000002
25drapp_c,0.00010000000000000029,1.0000000000000002
6hmhptpp_c,0.00010000000000000029,1.0000000000000002
3dhq_c,0.00010000000000000029,1.0000000000000002
3dhsk_c,0.00010000000000000029,1.0000000000000002
25dkglcn_c,0.00010000000000000029,1.0000000000000002
dkmpp_c,0.00010000000000000101,1.0000000000000002
2kmb_c,9.999999999999958e-05,1.0000000000000002
2dmmql8_c,0.00010000000000000029,1.0000000000000002
dhpmp_c,0.00010000000000000029,1.0000000000000002
ahdt_c,9.99999671211434e-05,1.0000000000000002
dpcoa_c,0.00010000000000000029,1.0000000000000002
2dhp_c,0.00010000000000000029,1.0000000000000002
pant-R_c,0.00010000000000000029,1.0000000000000002
2dr5p_c,0.00010000000000000029,1.0000000000000002
dtmp_c,0.00010000000000000029,1.0000000000000002
dump_c,0.00010000000000000029,1.0000000000000002
2dr1p_c,0.00010000000000000029,1.0000000000000002
udcpdp_c,0.00010000000000000029,1.0000000000000002
6pgc_c,0.0016580829447549767,15.239479389403657
kdo2lipid4_c,0.00010000000000000029,1.0000000000000002
kdo2lipid4L_c,0.00010000000000000029,1.0000000000000002
lipa_c,0.00010000000000000029,1.0000000000000002
2pg_c,0.00010000000000000029,1.0000000000000002
etha_c,0.00010000000000000029,1.0000000000000002
f6p_c,0.10245966898066446,1.5552223964518732
fdp_c,0.09327829623283881,64.91622389252457
fmn_c,9.999999999999958e-05,0.3451602733160588
mal-L_c,9.999999999999958e-05,23.284903881247658
gam1p_c,0.00010000000000000029,1.0000000000000002
acgam1p_c,0.00010000000000000029,1.0000000000000002
g1p_c,0.00010000000000000029,0.9999999999999986
dttp_c,0.4691562388011666,20.009238522970268
glyc3p_c,0.00010000000000000029,5.533469910918429
glu5sa_c,0.00010000000000000029,1.0000000000000002
1pyr5c_c,9.999999996272592e-05,1.0000000000000002
glu5p_c,0.00010000000000000029,1.0000000000000002
6pgl_c,0.00010000000000000029,1.0000000000000002
gal_c,0.00010000000000000029,1.0000000000000002
udpg_c,0.13675544478304483,17.574880127000558
13dpg_c,0.021653585590898063,0.21580369353536044
gar_c,0.00010000000000000029,1.0000000000000002
fgam_c,0.00010000000000000029,1.0000000000000002
glyclt_c,0.00010000000000000029,1.0000000000000002
ser-L_c,9.999999999911566e-05,0.7354694733786729
gly_c,0.00010000000000000029,1.0000000000000002
mlthf_c,0.00010000000000000029,1.0000000000000002
glycogen_c,0.00010000000000000029,1.0000000000000002
2h3oppan_c,0.00010000000000000029,1.0000000000000002
adpglc_c,0.005854335069331948,0.02404671098457849
pram_c,0.00010000000000000029,1.0000000000000002
glu-D_c,0.00010000000000000029,1.0000000000000002
glx_c,0.00010000000000000029,0.9999999999999986
2aobut_c,0.00010000000000000029,1.0000000000000002
glyc-R_c,0.45599688978163766,10.402429048143588
3pg_c,1.1843414117574744,10.632899414949678
lgt-S_c,0.00010000000000000029,1.0000000000000002
gthrd_c,6.432086230704949,70.85368339488977
lac-D_c,0.00010000000000000029,1.0000000000000002
gmhep1p_c,0.00010000000000000029,1.0000000000000002
gmhep7p_c,0.00010000000000000029,1.0000000000000002
gmhep17bp_c,0.00010000000000000029,1.0000000000000002
xmp_c,0.00010000000000000029,1.0000000000000002
g3pc_c,9.999998667524158e-05,1.0000000000000002
chol_c,0.00010000000000000029,1.0000000000000002
g3pe_c,0.00010000000000000029,1.0000000000000002
g3pg_c,0.00010000000000000029,1.0000000000000002
gsn_c,0.0027193564520831817,0.008292651771636522
gtspmd_c,0.00010000000000000029,1.0000000000000002
spmd_c,0.00010000000000000029,1.0000000000000002
gua_c,0.00010000000000000029,1.0153055749044237
xan_c,0.00010000000000000029,1.0000000000000002
histd_c,9.999999999999958e-05,0.1727546252638132
his-L_c,0.00010000000000000029,0.6163809999312351
hisp_c,0.00010000000000000029,1.0000000000000002
hpyr_c,0.00010000000000000029,1.0000000000000002
hom-L_c,0.00010000000000000029,1.0000000000000002
phom_c,0.00010000000000000029,1.0000000000000002
suchms_c,0.00010000000000000029,1.0000000000000002
imacp_c,0.00010000000000000029,1.0000000000000002
pydam_c,0.00010000000000000029,1.0000000000000002
prlp_c,0.00010000000000000029,1.0000000000000002
eig3p_c,0.00010000000000000029,1.0000000000000002
2cpr5p_c,0.00010000000000000029,1.0000000000000002
3ig3p_c,0.00010000000000000029,1.0000000000000002
ile-L_c,0.00010000000000000029,1.0000000000000002
3c2hmp_c,0.00010000000000000029,0.9999999999999986
3c4mop_c,0.00010000000000000029,0.9999999999999986
2ippm_c,0.00010000000000000029,1.0000000000000002
3c3hmp_c,0.00010000000000000029,1.0000000000000002
3hmrsACP_c,0.00010000000000000029,1.0000000000000002
kdo_c,0.00010000000000000029,1.0000000000000002
ckdo_c,0.00010000000000000029,1.0000000000000002
kdo8p_c,0.00010000000000000029,1.0000000000000002
lac-L_c,0.00010000000000000029,1.0000000000000002
4mop_c,0.00010000000000000029,1.0000000000000002
leu-L_c,0.00010000000000000029,1.0000000000000002
mthgxl_c,0.00010000000000000029,1.0000000000000002
lipidX_c,0.00010000000000000029,1.0000000000000002
u23ga_c,0.00010000000000000029,1.0000000000000002
lipidAds_c,0.00010000000000000029,1.0000000000000002
agpgEC_c,0.00010000000000000029,1.0000000000000002
agpeEC_c,0.00010000000000000029,1.0000000000000002
agpcEC_c,0.00010000000000000029,1.0000000000000002
apgEC_c,9.999999999999994e-05,1.0000000000000002
cdpea_c,0.00010000000000000029,1.0000000000000002
lpsEC_c,0.00010000000000000029,1.0000000000000002
2mcit_c,9.999999999999958e-05,1.0000000000000002
2mcacn_c,0.00010000000000000029,1.0000000000000002
micit_c,0.00010000000000000029,1.0000000000000002
5mdru1p_c,0.00010000000000000029,1.0000000000000002
met-L_c,0.00010000000000000029,0.6333290135856042
5mthf_c,0.00010000000000000029,1.0000000000000002
mmcoa-S_c,0.00010000000000000029,1.0000000000000002
mmcoa-R_c,0.00010000000000000029,1.0000000000000002
lipidA_c,0.00010000000000000029,1.0000000000000002
kdolipid4_c,0.00010000000000000029,1.0000000000000002
5mta_c,0.00010000000000000029,1.0000000000000002
5mtr_c,9.999999999999958e-05,1.0000000000000002
methf_c,0.00010000000000000029,1.0000000000000002
5mdr1p_c,0.00010000000000000029,1.0000000000000002
nmn_c,0.00010000000000000029,1.0000000000000002
h2o_e,1000.0000003603731,1000.0000003603731
nmn_e,0.00010000000000000029,1.0000000000000002
dnad_c,0.00010000000000000029,1.0000000000000002
nac_c,0.00010000000000000029,1.0000000000000002
nicrnt_c,0.00010000000000000029,1.0000000000000002
dgtp_c,9.999999999999958e-05,1.0000000000000002
dudp_c,0.00010000000000000029,1.0000000000000002
datp_c,9.999999999999958e-05,0.3969615781581211
ncam_c,0.00010000000000000029,1.0000000000000002
quln_c,0.00010000000000000029,0.14940627261117906
xtsn_c,0.00010000000000000029,1.0000000000000002
thymd_c,0.00010000000000000029,1.0000000000000002
dgsn_c,0.0009416810770750998,0.0025630033518542535
pppi_c,9.999999999999994e-05,1.0000000000000002
no2_c,0.00010000000000000029,1.0000000000000002
orot5p_c,0.00010000000000000029,1.0000000000000002
pro-L_c,0.00010000000000000029,1.577385074461649
pnto-R_c,0.00010000000000000029,1.0000000000000002
ugmda_c,0.00010000000000000029,1.0000000000000002
uagmda_c,0.00010000000000000029,1.0000000000000002
trdrd_c,0.00010000000000000029,0.9999999999999986
trdox_c,0.00010000000000000029,1.0000000000000002
pdx5p_c,0.00010000000000000029,1.0000000000000002
pydxn_c,0.00010000000000000029,1.0000000000000002
peEC_c,0.00010000000000000029,1.0000000000000002
3php_c,0.00010000000000000029,1.0000000000000002
pgpEC_c,0.00010000000000000029,1.0000000000000002
phe-L_c,0.00010000000000000029,0.5026354596050889
phpyr_c,9.999995198280276e-05,1.8545957687244503
4r5au_c,0.00010000000000000029,1.0000000000000002
4ppan_c,0.00010000000000000029,1.0000000000000002
ppap_c,0.00010000000000000029,0.9999999999999986
4ppcys_c,0.00010000000000000029,1.0000000000000002
pan4p_c,0.00010000000000000029,1.0000000000000002
r1p_c,0.00010000000000000029,1.0000000000000002
34hpp_c,0.00010000000000000029,1.0000000000000002
uaagmda_c,0.00010000000000000029,1.0000000000000002
peptidoEC_c,9.999999999999994e-05,1.0000000000000002
fpram_c,0.00010000000000000029,1.0000000000000002
prbamp_c,9.999999999999994e-05,1.0000000000000002
prfp_c,0.00010000000000000029,1.0000000000000002
skm5p_c,0.00010000000000000029,1.0000000000000002
psEC_c,0.00010000000000000029,1.0000000000000002
pser-L_c,0.00010000000000000029,1.0000000000000002
pydx_c,0.00010000000000000029,1.0000000000000002
ribflv_c,0.01531137515752744,0.08292651771636533
dmlz_c,0.00010000000000000029,1.0000000000000002
xu5p-D_c,0.06952858012315197,2.6897452174724177
s7p_c,0.00010000000000000029,1.0000000000000002
sucorn_c,0.00010000000000000029,1.0000000000000002
so4_c,0.00010000000000000029,1.0000000000000002
sl26da_c,0.00010000000000000029,1.0000000000000002
sl2a6o_c,0.00010000000000000029,1.0000000000000002
sucglu_c,0.00010000000000000029,1.0000000000000002
sucgsa_c,9.999999999999958e-05,1.0000000000000002
skm_c,0.008454942331367878,0.09753266809218362
thr-L_c,0.00010000000000000029,0.7303075187909025
tyr-L_c,0.00010000000000000029,1.1211992920426717
tre6p_c,0.00010000000000000029,1.0000000000000002
tre_c,0.00010000000000000029,1.0000000000000002
trp-L_c,0.00010000000000000029,0.06728716860537372
indole_c,0.00010000000000000029,0.9999999999999986
u3hga_c,0.00010000000000000029,1.0000000000000002
uamag_c,0.00010000000000000029,1.0000000000000002
ugmd_c,0.00010000000000000029,1.0000000000000002
u3aga_c,0.00010000000000000029,1.0000000000000002
uaccg_c,0.00010000000000000029,1.0000000000000002
uama_c,0.00010000000000000029,1.0000000000000002
uamr_c,0.00010000000000000029,1.0000000000000002
val-L_c,0.00010000000000000029,17.99050229216606
xyl-D_c,0.00010000000000000029,1.0000000000000002
4abut_e,0.00010000000000000029,0.9999999999999986
ac_e,27.962197683083808,38.39509518325312
ala-L_e,0.00010000000000000029,0.9999999999999986
arab-L_e,0.00010000000000000029,0.9999999999999986
arg-L_e,0.00010000000000000029,1.0000000000000002
asn-L_e,0.00010000000000000029,1.0000000000000002
asp-L_e,0.00010000000000000029,1.0000000000000002
charge_e,1000.0000003603731,1000.0000003603731
chol_e,0.00010000000000000029,1.0000000000000002
co2tot_e,0.05999999999999985,0.09999999999999991
for_e,0.00010000000000000029,0.9999999999999986
fum_e,0.00010000000000000029,0.14999999999999977
gal_e,0.00010000000000000029,0.9999999999999986
glu-L_e,0.00010000000000000029,1.0000000000000002
glyb_e,0.00010000000000000029,0.9999999999999986
glyc3p_e,0.00010000000000000029,1.0000000000000002
h_e,1000.0000003603731,1000.0000003603731
his-L_e,0.00010000000000000029,1.0000000000000002
ile-L_e,0.00010000000000000029,0.9999999999999986
k_e,9.999999999999958e-05,1.0000000000000002
leu-L_e,0.00010000000000000029,0.9999999999999986
lys-L_e,0.00010000000000000029,1.0000000000000002
na1_e,0.00010000000000000029,93.00000000000006
nh3_e,21.799999999999997,22.700000000000006
o2_e,0.12140938235312827,0.3000000000000001
orn_e,0.00010000000000000029,1.0000000000000002
pi_e,64.19999999999995,64.19999999999995
pro-L_e,0.00010000000000000029,0.9999999999999986
ptrc_e,9.999999999999958e-05,1.0000000000000002
ser-L_e,0.00010000000000000029,1.0000000000000002
so4_e,12.299999999999995,12.400000000000004
succ_e,0.00010000000000000029,42.4
thr-L_e,0.00010799165115752699,1.0000000000000002
val-L_e,0.00010000000000000029,1.0000000000000002
xyl-D_e,0.00010000000000000029,1.0000000000000002
h_c,1000.0,1000.0
charge_c,1000.0,1000.0
na1_c,0.00010000000000000029,1.0000000000000002
h2_e,0.00010000000000000029,1.0000000000000002
k_c,0.00010000000000000029,1.0000000000000002
no3_c,0.00010000000000000029,1.0000000000000002
biomass_c,1000.0000003603731,1000.0000003603731
biomass_e,1000.0000003603731,1000.0000003603731
orot_e,9.999998876608934e-05,0.07687379884689322
